experiment,run,key,value
egoper_probe_coffee,capable-mare-312,C,1.0
egoper_probe_coffee,capable-mare-312,dim,1024
egoper_probe_coffee,capable-mare-312,n_videos,68
egoper_probe_coffee,capable-mare-312,n_windows,14744
egoper_probe_coffee,capable-mare-312,probe,logreg_balanced
egoper_probe_coffee,capable-mare-312,seed,0
egoper_probe_coffee,capable-mare-312,task,coffee
egoper_probe_coffee,capable-mare-312,test_frac,0.3
egoper_probe_coffee,secretive-robin-939,C,0.001
egoper_probe_coffee,secretive-robin-939,dim,24576
egoper_probe_coffee,secretive-robin-939,knn_k,10
egoper_probe_coffee,secretive-robin-939,n_videos,68
egoper_probe_coffee,secretive-robin-939,n_windows,14744
egoper_probe_coffee,secretive-robin-939,oneclass,knn
egoper_probe_coffee,secretive-robin-939,probe,logreg_balanced
egoper_probe_coffee,secretive-robin-939,seed,0
egoper_probe_coffee,secretive-robin-939,task,coffee
egoper_probe_coffee,secretive-robin-939,test_frac,0.3
egoper_probe_coffee,secretive-robin-939,view,feats_sf
exprt_action_probe,augmented_k128,augment,mirror+temporal+crop
exprt_action_probe,augmented_k128,augment,mirror+temporal+crop
exprt_action_probe,augmented_k128,class_counts,"{'put': 8, 'pour': 7, 'mix': 3, 'take': 2, 'open': 2, 'close': 2}"
exprt_action_probe,augmented_k128,class_counts,"{'put': 8, 'pour': 7, 'take': 1, 'open': 1, 'close': 1, 'mix': 1}"
exprt_action_probe,augmented_k128,classes,"['close', 'mix', 'open', 'pour', 'put', 'take']"
exprt_action_probe,augmented_k128,classes,"['close', 'mix', 'open', 'pour', 'put', 'take']"
exprt_action_probe,augmented_k128,eval,video-LOO
exprt_action_probe,augmented_k128,eval,video-LOO
exprt_action_probe,augmented_k128,feature,vjepa_encoder_meanpool_1024
exprt_action_probe,augmented_k128,feature,vjepa_encoder_meanpool_1024
exprt_action_probe,augmented_k128,k_aug,128
exprt_action_probe,augmented_k128,k_aug,128
exprt_action_probe,augmented_k128,n_segments,24
exprt_action_probe,augmented_k128,n_segments,19
exprt_action_probe,augmented_k128,perm_reps,50
exprt_action_probe,augmented_k128,perm_reps,200
exprt_action_probe,augmented_k4,augment,mirror+temporal+crop
exprt_action_probe,augmented_k4,class_counts,"{'put': 8, 'pour': 7, 'take': 1, 'open': 1, 'close': 1, 'mix': 1}"
exprt_action_probe,augmented_k4,classes,"['close', 'mix', 'open', 'pour', 'put', 'take']"
exprt_action_probe,augmented_k4,eval,video-LOO
exprt_action_probe,augmented_k4,feature,vjepa_encoder_meanpool_1024
exprt_action_probe,augmented_k4,k_aug,4
exprt_action_probe,augmented_k4,n_segments,19
exprt_action_probe,augmented_k4,perm_reps,5
exprt_action_probe,vjepa_meanpool_logreg_pilot,class_counts,"{'put': 8, 'pour': 7, 'take': 1, 'open': 1, 'close': 1, 'mix': 1}"
exprt_action_probe,vjepa_meanpool_logreg_pilot,class_counts,"{'put': 8, 'pour': 7, 'take': 1, 'open': 1, 'close': 1, 'mix': 1}"
exprt_action_probe,vjepa_meanpool_logreg_pilot,classes,"['close', 'mix', 'open', 'pour', 'put', 'take']"
exprt_action_probe,vjepa_meanpool_logreg_pilot,classes,"['close', 'mix', 'open', 'pour', 'put', 'take']"
exprt_action_probe,vjepa_meanpool_logreg_pilot,eval,LOO
exprt_action_probe,vjepa_meanpool_logreg_pilot,feature,vjepa_encoder_meanpool_1024
exprt_action_probe,vjepa_meanpool_logreg_pilot,feature,vjepa_encoder_meanpool_1024
exprt_action_probe,vjepa_meanpool_logreg_pilot,n_classes,6
exprt_action_probe,vjepa_meanpool_logreg_pilot,n_classes,6
exprt_action_probe,vjepa_meanpool_logreg_pilot,n_segments,19
exprt_action_probe,vjepa_meanpool_logreg_pilot,n_segments,19
exprt_action_probe,vjepa_meanpool_logreg_pilot,n_videos,4
exprt_action_probe,vjepa_meanpool_logreg_pilot,probe,logreg_balanced
exprt_action_probe,vjepa_meanpool_logreg_pilot,probe,logreg_balanced
exprt_anomaly,binary_fold0_seed0,batch_size,8
exprt_anomaly,binary_fold0_seed0,batch_size,16
exprt_anomaly,binary_fold0_seed0,epochs,2
exprt_anomaly,binary_fold0_seed0,epochs,30
exprt_anomaly,binary_fold0_seed0,fold,0
exprt_anomaly,binary_fold0_seed0,fold,0
exprt_anomaly,binary_fold0_seed0,lr,0.001
exprt_anomaly,binary_fold0_seed0,lr,0.001
exprt_anomaly,binary_fold0_seed0,n_clips,824
exprt_anomaly,binary_fold0_seed0,n_clips,2500
exprt_anomaly,binary_fold0_seed0,n_test_clips,473
exprt_anomaly,binary_fold0_seed0,n_test_clips,431
exprt_anomaly,binary_fold0_seed0,n_test_videos,5
exprt_anomaly,binary_fold0_seed0,n_test_videos,7
exprt_anomaly,binary_fold0_seed0,n_train_clips,351
exprt_anomaly,binary_fold0_seed0,n_train_clips,2069
exprt_anomaly,binary_fold0_seed0,n_videos,10
exprt_anomaly,binary_fold0_seed0,n_videos,40
exprt_anomaly,binary_fold0_seed0,pooler_lr,0.0001
exprt_anomaly,binary_fold0_seed0,pooler_lr,0.0001
exprt_anomaly,binary_fold0_seed0,seed,0
exprt_anomaly,binary_fold0_seed0,seed,0
exprt_anomaly,binary_fold0_seed0,target,binary
exprt_anomaly,binary_fold0_seed0,target,binary
exprt_anomaly,binary_fold0_seed0,train_pooler,False
exprt_anomaly,binary_fold0_seed0,train_pooler,False
exprt_anomaly,binary_fold0_seed0,warmstart,True
exprt_anomaly,binary_fold0_seed0,warmstart,True
exprt_anomaly,binary_fold1_seed0,batch_size,16
exprt_anomaly,binary_fold1_seed0,batch_size,8
exprt_anomaly,binary_fold1_seed0,epochs,30
exprt_anomaly,binary_fold1_seed0,epochs,2
exprt_anomaly,binary_fold1_seed0,fold,1
exprt_anomaly,binary_fold1_seed0,fold,1
exprt_anomaly,binary_fold1_seed0,lr,0.001
exprt_anomaly,binary_fold1_seed0,lr,0.001
exprt_anomaly,binary_fold1_seed0,n_clips,2500
exprt_anomaly,binary_fold1_seed0,n_clips,824
exprt_anomaly,binary_fold1_seed0,n_test_clips,448
exprt_anomaly,binary_fold1_seed0,n_test_clips,351
exprt_anomaly,binary_fold1_seed0,n_test_videos,8
exprt_anomaly,binary_fold1_seed0,n_test_videos,5
exprt_anomaly,binary_fold1_seed0,n_train_clips,2052
exprt_anomaly,binary_fold1_seed0,n_train_clips,473
exprt_anomaly,binary_fold1_seed0,n_videos,40
exprt_anomaly,binary_fold1_seed0,n_videos,10
exprt_anomaly,binary_fold1_seed0,pooler_lr,0.0001
exprt_anomaly,binary_fold1_seed0,pooler_lr,0.0001
exprt_anomaly,binary_fold1_seed0,seed,0
exprt_anomaly,binary_fold1_seed0,seed,0
exprt_anomaly,binary_fold1_seed0,target,binary
exprt_anomaly,binary_fold1_seed0,target,binary
exprt_anomaly,binary_fold1_seed0,train_pooler,False
exprt_anomaly,binary_fold1_seed0,train_pooler,False
exprt_anomaly,binary_fold1_seed0,warmstart,True
exprt_anomaly,binary_fold1_seed0,warmstart,True
exprt_anomaly,binary_pooled_oof,epochs,200
exprt_anomaly,binary_pooled_oof,features_dir,pooled
exprt_anomaly,binary_pooled_oof,lr,0.01
exprt_anomaly,binary_pooled_oof,n_clips,2500
exprt_anomaly,binary_pooled_oof,n_splits,5
exprt_anomaly,binary_pooled_oof,n_videos,40
exprt_anomaly,binary_pooled_oof,seeds,5
exprt_anomaly,binary_pooled_oof,target,binary
exprt_anomaly,binary_pooled_oof,warmstart,True
exprt_anomaly,binary_pooled_oof,weight_decay,0.001
exprt_anomaly,binary_seed0_fold0,fold,0
exprt_anomaly,binary_seed0_fold0,n_test,431
exprt_anomaly,binary_seed0_fold0,n_train,2069
exprt_anomaly,binary_seed0_fold0,seed,0
exprt_anomaly,binary_seed0_fold0,target,binary
exprt_anomaly,binary_seed0_fold0,test_videos,7
exprt_anomaly,binary_seed0_fold1,fold,1
exprt_anomaly,binary_seed0_fold1,n_test,448
exprt_anomaly,binary_seed0_fold1,n_train,2052
exprt_anomaly,binary_seed0_fold1,seed,0
exprt_anomaly,binary_seed0_fold1,target,binary
exprt_anomaly,binary_seed0_fold1,test_videos,8
exprt_anomaly,binary_seed0_fold2,fold,2
exprt_anomaly,binary_seed0_fold2,n_test,402
exprt_anomaly,binary_seed0_fold2,n_train,2098
exprt_anomaly,binary_seed0_fold2,seed,0
exprt_anomaly,binary_seed0_fold2,target,binary
exprt_anomaly,binary_seed0_fold2,test_videos,7
exprt_anomaly,binary_seed0_fold3,fold,3
exprt_anomaly,binary_seed0_fold3,n_test,527
exprt_anomaly,binary_seed0_fold3,n_train,1973
exprt_anomaly,binary_seed0_fold3,seed,0
exprt_anomaly,binary_seed0_fold3,target,binary
exprt_anomaly,binary_seed0_fold3,test_videos,9
exprt_anomaly,binary_seed0_fold4,fold,4
exprt_anomaly,binary_seed0_fold4,n_test,692
exprt_anomaly,binary_seed0_fold4,n_train,1808
exprt_anomaly,binary_seed0_fold4,seed,0
exprt_anomaly,binary_seed0_fold4,target,binary
exprt_anomaly,binary_seed0_fold4,test_videos,9
exprt_anomaly,binary_seed1_fold0,fold,0
exprt_anomaly,binary_seed1_fold0,n_test,434
exprt_anomaly,binary_seed1_fold0,n_train,2066
exprt_anomaly,binary_seed1_fold0,seed,1
exprt_anomaly,binary_seed1_fold0,target,binary
exprt_anomaly,binary_seed1_fold0,test_videos,7
exprt_anomaly,binary_seed1_fold1,fold,1
exprt_anomaly,binary_seed1_fold1,n_test,540
exprt_anomaly,binary_seed1_fold1,n_train,1960
exprt_anomaly,binary_seed1_fold1,seed,1
exprt_anomaly,binary_seed1_fold1,target,binary
exprt_anomaly,binary_seed1_fold1,test_videos,8
exprt_anomaly,binary_seed1_fold2,fold,2
exprt_anomaly,binary_seed1_fold2,n_test,436
exprt_anomaly,binary_seed1_fold2,n_train,2064
exprt_anomaly,binary_seed1_fold2,seed,1
exprt_anomaly,binary_seed1_fold2,target,binary
exprt_anomaly,binary_seed1_fold2,test_videos,7
exprt_anomaly,binary_seed1_fold3,fold,3
exprt_anomaly,binary_seed1_fold3,n_test,604
exprt_anomaly,binary_seed1_fold3,n_train,1896
exprt_anomaly,binary_seed1_fold3,seed,1
exprt_anomaly,binary_seed1_fold3,target,binary
exprt_anomaly,binary_seed1_fold3,test_videos,9
exprt_anomaly,binary_seed1_fold4,fold,4
exprt_anomaly,binary_seed1_fold4,n_test,486
exprt_anomaly,binary_seed1_fold4,n_train,2014
exprt_anomaly,binary_seed1_fold4,seed,1
exprt_anomaly,binary_seed1_fold4,target,binary
exprt_anomaly,binary_seed1_fold4,test_videos,9
exprt_anomaly,binary_seed2_fold0,fold,0
exprt_anomaly,binary_seed2_fold0,n_test,480
exprt_anomaly,binary_seed2_fold0,n_train,2020
exprt_anomaly,binary_seed2_fold0,seed,2
exprt_anomaly,binary_seed2_fold0,target,binary
exprt_anomaly,binary_seed2_fold0,test_videos,7
exprt_anomaly,binary_seed2_fold1,fold,1
exprt_anomaly,binary_seed2_fold1,n_test,463
exprt_anomaly,binary_seed2_fold1,n_train,2037
exprt_anomaly,binary_seed2_fold1,seed,2
exprt_anomaly,binary_seed2_fold1,target,binary
exprt_anomaly,binary_seed2_fold1,test_videos,8
exprt_anomaly,binary_seed2_fold2,fold,2
exprt_anomaly,binary_seed2_fold2,n_test,501
exprt_anomaly,binary_seed2_fold2,n_train,1999
exprt_anomaly,binary_seed2_fold2,seed,2
exprt_anomaly,binary_seed2_fold2,target,binary
exprt_anomaly,binary_seed2_fold2,test_videos,7
exprt_anomaly,binary_seed2_fold3,fold,3
exprt_anomaly,binary_seed2_fold3,n_test,527
exprt_anomaly,binary_seed2_fold3,n_train,1973
exprt_anomaly,binary_seed2_fold3,seed,2
exprt_anomaly,binary_seed2_fold3,target,binary
exprt_anomaly,binary_seed2_fold3,test_videos,9
exprt_anomaly,binary_seed2_fold4,fold,4
exprt_anomaly,binary_seed2_fold4,n_test,529
exprt_anomaly,binary_seed2_fold4,n_train,1971
exprt_anomaly,binary_seed2_fold4,seed,2
exprt_anomaly,binary_seed2_fold4,target,binary
exprt_anomaly,binary_seed2_fold4,test_videos,9
exprt_anomaly,binary_seed3_fold0,fold,0
exprt_anomaly,binary_seed3_fold0,n_test,420
exprt_anomaly,binary_seed3_fold0,n_train,2080
exprt_anomaly,binary_seed3_fold0,seed,3
exprt_anomaly,binary_seed3_fold0,target,binary
exprt_anomaly,binary_seed3_fold0,test_videos,7
exprt_anomaly,binary_seed3_fold1,fold,1
exprt_anomaly,binary_seed3_fold1,n_test,491
exprt_anomaly,binary_seed3_fold1,n_train,2009
exprt_anomaly,binary_seed3_fold1,seed,3
exprt_anomaly,binary_seed3_fold1,target,binary
exprt_anomaly,binary_seed3_fold1,test_videos,8
exprt_anomaly,binary_seed3_fold2,fold,2
exprt_anomaly,binary_seed3_fold2,n_test,558
exprt_anomaly,binary_seed3_fold2,n_train,1942
exprt_anomaly,binary_seed3_fold2,seed,3
exprt_anomaly,binary_seed3_fold2,target,binary
exprt_anomaly,binary_seed3_fold2,test_videos,7
exprt_anomaly,binary_seed3_fold3,fold,3
exprt_anomaly,binary_seed3_fold3,n_test,524
exprt_anomaly,binary_seed3_fold3,n_train,1976
exprt_anomaly,binary_seed3_fold3,seed,3
exprt_anomaly,binary_seed3_fold3,target,binary
exprt_anomaly,binary_seed3_fold3,test_videos,9
exprt_anomaly,binary_seed3_fold4,fold,4
exprt_anomaly,binary_seed3_fold4,n_test,507
exprt_anomaly,binary_seed3_fold4,n_train,1993
exprt_anomaly,binary_seed3_fold4,seed,3
exprt_anomaly,binary_seed3_fold4,target,binary
exprt_anomaly,binary_seed3_fold4,test_videos,9
exprt_anomaly,binary_seed4_fold0,fold,0
exprt_anomaly,binary_seed4_fold0,n_test,469
exprt_anomaly,binary_seed4_fold0,n_train,2031
exprt_anomaly,binary_seed4_fold0,seed,4
exprt_anomaly,binary_seed4_fold0,target,binary
exprt_anomaly,binary_seed4_fold0,test_videos,7
exprt_anomaly,binary_seed4_fold1,fold,1
exprt_anomaly,binary_seed4_fold1,n_test,469
exprt_anomaly,binary_seed4_fold1,n_train,2031
exprt_anomaly,binary_seed4_fold1,seed,4
exprt_anomaly,binary_seed4_fold1,target,binary
exprt_anomaly,binary_seed4_fold1,test_videos,8
exprt_anomaly,binary_seed4_fold2,fold,2
exprt_anomaly,binary_seed4_fold2,n_test,543
exprt_anomaly,binary_seed4_fold2,n_train,1957
exprt_anomaly,binary_seed4_fold2,seed,4
exprt_anomaly,binary_seed4_fold2,target,binary
exprt_anomaly,binary_seed4_fold2,test_videos,7
exprt_anomaly,binary_seed4_fold3,fold,3
exprt_anomaly,binary_seed4_fold3,n_test,503
exprt_anomaly,binary_seed4_fold3,n_train,1997
exprt_anomaly,binary_seed4_fold3,seed,4
exprt_anomaly,binary_seed4_fold3,target,binary
exprt_anomaly,binary_seed4_fold3,test_videos,9
exprt_anomaly,binary_seed4_fold4,fold,4
exprt_anomaly,binary_seed4_fold4,n_test,516
exprt_anomaly,binary_seed4_fold4,n_train,1984
exprt_anomaly,binary_seed4_fold4,seed,4
exprt_anomaly,binary_seed4_fold4,target,binary
exprt_anomaly,binary_seed4_fold4,test_videos,9
exprt_anomaly,binary_summary_seed0,n_splits,2
exprt_anomaly,binary_summary_seed0,seed,0
exprt_anomaly,binary_summary_seed0,target,binary
exprt_anomaly,binary_summary_seed0,train_pooler,False
exprt_anomaly,binary_summary_seed0,warmstart,True
exprt_anomaly,clip_binary_pooled,epochs,200
exprt_anomaly,clip_binary_pooled,epochs,150
exprt_anomaly,clip_binary_pooled,features_dir,pooled
exprt_anomaly,clip_binary_pooled,features_dir,pooled
exprt_anomaly,clip_binary_pooled,level,clip
exprt_anomaly,clip_binary_pooled,level,clip
exprt_anomaly,clip_binary_pooled,lr,0.01
exprt_anomaly,clip_binary_pooled,lr,0.005
exprt_anomaly,clip_binary_pooled,n_clips,2500
exprt_anomaly,clip_binary_pooled,n_clips,2500
exprt_anomaly,clip_binary_pooled,n_splits,5
exprt_anomaly,clip_binary_pooled,n_splits,5
exprt_anomaly,clip_binary_pooled,n_videos,40
exprt_anomaly,clip_binary_pooled,n_videos,40
exprt_anomaly,clip_binary_pooled,seeds,5
exprt_anomaly,clip_binary_pooled,seeds,5
exprt_anomaly,clip_binary_pooled,target,binary
exprt_anomaly,clip_binary_pooled,target,binary
exprt_anomaly,clip_binary_pooled,warmstart,True
exprt_anomaly,clip_binary_pooled,warmstart,True
exprt_anomaly,clip_binary_pooled,weight_decay,0.001
exprt_anomaly,clip_binary_pooled,weight_decay,0.01
exprt_anomaly,clip_binary_pooled_mean,epochs,150
exprt_anomaly,clip_binary_pooled_mean,features_dir,pooled_mean
exprt_anomaly,clip_binary_pooled_mean,level,clip
exprt_anomaly,clip_binary_pooled_mean,lr,0.005
exprt_anomaly,clip_binary_pooled_mean,n_clips,2500
exprt_anomaly,clip_binary_pooled_mean,n_splits,5
exprt_anomaly,clip_binary_pooled_mean,n_videos,40
exprt_anomaly,clip_binary_pooled_mean,seeds,5
exprt_anomaly,clip_binary_pooled_mean,target,binary
exprt_anomaly,clip_binary_pooled_mean,warmstart,False
exprt_anomaly,clip_binary_pooled_mean,weight_decay,0.01
exprt_anomaly,clip_binary_pooled_rand,epochs,150
exprt_anomaly,clip_binary_pooled_rand,features_dir,pooled_rand
exprt_anomaly,clip_binary_pooled_rand,level,clip
exprt_anomaly,clip_binary_pooled_rand,lr,0.005
exprt_anomaly,clip_binary_pooled_rand,n_clips,2500
exprt_anomaly,clip_binary_pooled_rand,n_splits,5
exprt_anomaly,clip_binary_pooled_rand,n_videos,40
exprt_anomaly,clip_binary_pooled_rand,seeds,5
exprt_anomaly,clip_binary_pooled_rand,target,binary
exprt_anomaly,clip_binary_pooled_rand,warmstart,False
exprt_anomaly,clip_binary_pooled_rand,weight_decay,0.01
exprt_anomaly,clip_multiclass_pooled,epochs,150
exprt_anomaly,clip_multiclass_pooled,epochs,200
exprt_anomaly,clip_multiclass_pooled,features_dir,pooled
exprt_anomaly,clip_multiclass_pooled,features_dir,pooled
exprt_anomaly,clip_multiclass_pooled,level,clip
exprt_anomaly,clip_multiclass_pooled,level,clip
exprt_anomaly,clip_multiclass_pooled,lr,0.005
exprt_anomaly,clip_multiclass_pooled,lr,0.01
exprt_anomaly,clip_multiclass_pooled,n_clips,2500
exprt_anomaly,clip_multiclass_pooled,n_clips,2500
exprt_anomaly,clip_multiclass_pooled,n_splits,5
exprt_anomaly,clip_multiclass_pooled,n_splits,5
exprt_anomaly,clip_multiclass_pooled,n_videos,40
exprt_anomaly,clip_multiclass_pooled,n_videos,40
exprt_anomaly,clip_multiclass_pooled,seeds,5
exprt_anomaly,clip_multiclass_pooled,seeds,5
exprt_anomaly,clip_multiclass_pooled,target,multiclass
exprt_anomaly,clip_multiclass_pooled,target,multiclass
exprt_anomaly,clip_multiclass_pooled,warmstart,True
exprt_anomaly,clip_multiclass_pooled,warmstart,True
exprt_anomaly,clip_multiclass_pooled,weight_decay,0.01
exprt_anomaly,clip_multiclass_pooled,weight_decay,0.001
exprt_anomaly,clip_multiclass_pooled_mean,epochs,150
exprt_anomaly,clip_multiclass_pooled_mean,features_dir,pooled_mean
exprt_anomaly,clip_multiclass_pooled_mean,level,clip
exprt_anomaly,clip_multiclass_pooled_mean,lr,0.005
exprt_anomaly,clip_multiclass_pooled_mean,n_clips,2500
exprt_anomaly,clip_multiclass_pooled_mean,n_splits,5
exprt_anomaly,clip_multiclass_pooled_mean,n_videos,40
exprt_anomaly,clip_multiclass_pooled_mean,seeds,5
exprt_anomaly,clip_multiclass_pooled_mean,target,multiclass
exprt_anomaly,clip_multiclass_pooled_mean,warmstart,False
exprt_anomaly,clip_multiclass_pooled_mean,weight_decay,0.01
exprt_anomaly,clip_multiclass_pooled_rand,epochs,150
exprt_anomaly,clip_multiclass_pooled_rand,features_dir,pooled_rand
exprt_anomaly,clip_multiclass_pooled_rand,level,clip
exprt_anomaly,clip_multiclass_pooled_rand,lr,0.005
exprt_anomaly,clip_multiclass_pooled_rand,n_clips,2500
exprt_anomaly,clip_multiclass_pooled_rand,n_splits,5
exprt_anomaly,clip_multiclass_pooled_rand,n_videos,40
exprt_anomaly,clip_multiclass_pooled_rand,seeds,5
exprt_anomaly,clip_multiclass_pooled_rand,target,multiclass
exprt_anomaly,clip_multiclass_pooled_rand,warmstart,False
exprt_anomaly,clip_multiclass_pooled_rand,weight_decay,0.01
exprt_anomaly,multiclass_pooled_oof,epochs,300
exprt_anomaly,multiclass_pooled_oof,features_dir,pooled
exprt_anomaly,multiclass_pooled_oof,lr,0.01
exprt_anomaly,multiclass_pooled_oof,n_clips,2500
exprt_anomaly,multiclass_pooled_oof,n_splits,5
exprt_anomaly,multiclass_pooled_oof,n_videos,40
exprt_anomaly,multiclass_pooled_oof,seeds,5
exprt_anomaly,multiclass_pooled_oof,target,multiclass
exprt_anomaly,multiclass_pooled_oof,warmstart,True
exprt_anomaly,multiclass_pooled_oof,weight_decay,0.001
exprt_anomaly,multiclass_seed0_fold0,fold,0
exprt_anomaly,multiclass_seed0_fold0,n_test,597
exprt_anomaly,multiclass_seed0_fold0,n_train,1903
exprt_anomaly,multiclass_seed0_fold0,seed,0
exprt_anomaly,multiclass_seed0_fold0,target,multiclass
exprt_anomaly,multiclass_seed0_fold0,test_videos,8
exprt_anomaly,multiclass_seed0_fold1,fold,1
exprt_anomaly,multiclass_seed0_fold1,n_test,437
exprt_anomaly,multiclass_seed0_fold1,n_train,2063
exprt_anomaly,multiclass_seed0_fold1,seed,0
exprt_anomaly,multiclass_seed0_fold1,target,multiclass
exprt_anomaly,multiclass_seed0_fold1,test_videos,8
exprt_anomaly,multiclass_seed0_fold2,fold,2
exprt_anomaly,multiclass_seed0_fold2,n_test,456
exprt_anomaly,multiclass_seed0_fold2,n_train,2044
exprt_anomaly,multiclass_seed0_fold2,seed,0
exprt_anomaly,multiclass_seed0_fold2,target,multiclass
exprt_anomaly,multiclass_seed0_fold2,test_videos,8
exprt_anomaly,multiclass_seed0_fold3,fold,3
exprt_anomaly,multiclass_seed0_fold3,n_test,556
exprt_anomaly,multiclass_seed0_fold3,n_train,1944
exprt_anomaly,multiclass_seed0_fold3,seed,0
exprt_anomaly,multiclass_seed0_fold3,target,multiclass
exprt_anomaly,multiclass_seed0_fold3,test_videos,8
exprt_anomaly,multiclass_seed0_fold4,fold,4
exprt_anomaly,multiclass_seed0_fold4,n_test,454
exprt_anomaly,multiclass_seed0_fold4,n_train,2046
exprt_anomaly,multiclass_seed0_fold4,seed,0
exprt_anomaly,multiclass_seed0_fold4,target,multiclass
exprt_anomaly,multiclass_seed0_fold4,test_videos,8
exprt_anomaly,multiclass_seed1_fold0,fold,0
exprt_anomaly,multiclass_seed1_fold0,n_test,443
exprt_anomaly,multiclass_seed1_fold0,n_train,2057
exprt_anomaly,multiclass_seed1_fold0,seed,1
exprt_anomaly,multiclass_seed1_fold0,target,multiclass
exprt_anomaly,multiclass_seed1_fold0,test_videos,8
exprt_anomaly,multiclass_seed1_fold1,fold,1
exprt_anomaly,multiclass_seed1_fold1,n_test,465
exprt_anomaly,multiclass_seed1_fold1,n_train,2035
exprt_anomaly,multiclass_seed1_fold1,seed,1
exprt_anomaly,multiclass_seed1_fold1,target,multiclass
exprt_anomaly,multiclass_seed1_fold1,test_videos,8
exprt_anomaly,multiclass_seed1_fold2,fold,2
exprt_anomaly,multiclass_seed1_fold2,n_test,504
exprt_anomaly,multiclass_seed1_fold2,n_train,1996
exprt_anomaly,multiclass_seed1_fold2,seed,1
exprt_anomaly,multiclass_seed1_fold2,target,multiclass
exprt_anomaly,multiclass_seed1_fold2,test_videos,8
exprt_anomaly,multiclass_seed1_fold3,fold,3
exprt_anomaly,multiclass_seed1_fold3,n_test,649
exprt_anomaly,multiclass_seed1_fold3,n_train,1851
exprt_anomaly,multiclass_seed1_fold3,seed,1
exprt_anomaly,multiclass_seed1_fold3,target,multiclass
exprt_anomaly,multiclass_seed1_fold3,test_videos,8
exprt_anomaly,multiclass_seed1_fold4,fold,4
exprt_anomaly,multiclass_seed1_fold4,n_test,439
exprt_anomaly,multiclass_seed1_fold4,n_train,2061
exprt_anomaly,multiclass_seed1_fold4,seed,1
exprt_anomaly,multiclass_seed1_fold4,target,multiclass
exprt_anomaly,multiclass_seed1_fold4,test_videos,8
exprt_anomaly,multiclass_seed2_fold0,fold,0
exprt_anomaly,multiclass_seed2_fold0,n_test,475
exprt_anomaly,multiclass_seed2_fold0,n_train,2025
exprt_anomaly,multiclass_seed2_fold0,seed,2
exprt_anomaly,multiclass_seed2_fold0,target,multiclass
exprt_anomaly,multiclass_seed2_fold0,test_videos,8
exprt_anomaly,multiclass_seed2_fold1,fold,1
exprt_anomaly,multiclass_seed2_fold1,n_test,508
exprt_anomaly,multiclass_seed2_fold1,n_train,1992
exprt_anomaly,multiclass_seed2_fold1,seed,2
exprt_anomaly,multiclass_seed2_fold1,target,multiclass
exprt_anomaly,multiclass_seed2_fold1,test_videos,8
exprt_anomaly,multiclass_seed2_fold2,fold,2
exprt_anomaly,multiclass_seed2_fold2,n_test,447
exprt_anomaly,multiclass_seed2_fold2,n_train,2053
exprt_anomaly,multiclass_seed2_fold2,seed,2
exprt_anomaly,multiclass_seed2_fold2,target,multiclass
exprt_anomaly,multiclass_seed2_fold2,test_videos,8
exprt_anomaly,multiclass_seed2_fold3,fold,3
exprt_anomaly,multiclass_seed2_fold3,n_test,490
exprt_anomaly,multiclass_seed2_fold3,n_train,2010
exprt_anomaly,multiclass_seed2_fold3,seed,2
exprt_anomaly,multiclass_seed2_fold3,target,multiclass
exprt_anomaly,multiclass_seed2_fold3,test_videos,8
exprt_anomaly,multiclass_seed2_fold4,fold,4
exprt_anomaly,multiclass_seed2_fold4,n_test,580
exprt_anomaly,multiclass_seed2_fold4,n_train,1920
exprt_anomaly,multiclass_seed2_fold4,seed,2
exprt_anomaly,multiclass_seed2_fold4,target,multiclass
exprt_anomaly,multiclass_seed2_fold4,test_videos,8
exprt_anomaly,multiclass_seed3_fold0,fold,0
exprt_anomaly,multiclass_seed3_fold0,n_test,479
exprt_anomaly,multiclass_seed3_fold0,n_train,2021
exprt_anomaly,multiclass_seed3_fold0,seed,3
exprt_anomaly,multiclass_seed3_fold0,target,multiclass
exprt_anomaly,multiclass_seed3_fold0,test_videos,8
exprt_anomaly,multiclass_seed3_fold1,fold,1
exprt_anomaly,multiclass_seed3_fold1,n_test,466
exprt_anomaly,multiclass_seed3_fold1,n_train,2034
exprt_anomaly,multiclass_seed3_fold1,seed,3
exprt_anomaly,multiclass_seed3_fold1,target,multiclass
exprt_anomaly,multiclass_seed3_fold1,test_videos,8
exprt_anomaly,multiclass_seed3_fold2,fold,2
exprt_anomaly,multiclass_seed3_fold2,n_test,490
exprt_anomaly,multiclass_seed3_fold2,n_train,2010
exprt_anomaly,multiclass_seed3_fold2,seed,3
exprt_anomaly,multiclass_seed3_fold2,target,multiclass
exprt_anomaly,multiclass_seed3_fold2,test_videos,8
exprt_anomaly,multiclass_seed3_fold3,fold,3
exprt_anomaly,multiclass_seed3_fold3,n_test,503
exprt_anomaly,multiclass_seed3_fold3,n_train,1997
exprt_anomaly,multiclass_seed3_fold3,seed,3
exprt_anomaly,multiclass_seed3_fold3,target,multiclass
exprt_anomaly,multiclass_seed3_fold3,test_videos,8
exprt_anomaly,multiclass_seed3_fold4,fold,4
exprt_anomaly,multiclass_seed3_fold4,n_test,562
exprt_anomaly,multiclass_seed3_fold4,n_train,1938
exprt_anomaly,multiclass_seed3_fold4,seed,3
exprt_anomaly,multiclass_seed3_fold4,target,multiclass
exprt_anomaly,multiclass_seed3_fold4,test_videos,8
exprt_anomaly,multiclass_seed4_fold0,fold,0
exprt_anomaly,multiclass_seed4_fold0,n_test,469
exprt_anomaly,multiclass_seed4_fold0,n_train,2031
exprt_anomaly,multiclass_seed4_fold0,seed,4
exprt_anomaly,multiclass_seed4_fold0,target,multiclass
exprt_anomaly,multiclass_seed4_fold0,test_videos,8
exprt_anomaly,multiclass_seed4_fold1,fold,1
exprt_anomaly,multiclass_seed4_fold1,n_test,460
exprt_anomaly,multiclass_seed4_fold1,n_train,2040
exprt_anomaly,multiclass_seed4_fold1,seed,4
exprt_anomaly,multiclass_seed4_fold1,target,multiclass
exprt_anomaly,multiclass_seed4_fold1,test_videos,8
exprt_anomaly,multiclass_seed4_fold2,fold,2
exprt_anomaly,multiclass_seed4_fold2,n_test,546
exprt_anomaly,multiclass_seed4_fold2,n_train,1954
exprt_anomaly,multiclass_seed4_fold2,seed,4
exprt_anomaly,multiclass_seed4_fold2,target,multiclass
exprt_anomaly,multiclass_seed4_fold2,test_videos,8
exprt_anomaly,multiclass_seed4_fold3,fold,3
exprt_anomaly,multiclass_seed4_fold3,n_test,423
exprt_anomaly,multiclass_seed4_fold3,n_train,2077
exprt_anomaly,multiclass_seed4_fold3,seed,4
exprt_anomaly,multiclass_seed4_fold3,target,multiclass
exprt_anomaly,multiclass_seed4_fold3,test_videos,8
exprt_anomaly,multiclass_seed4_fold4,fold,4
exprt_anomaly,multiclass_seed4_fold4,n_test,602
exprt_anomaly,multiclass_seed4_fold4,n_train,1898
exprt_anomaly,multiclass_seed4_fold4,seed,4
exprt_anomaly,multiclass_seed4_fold4,target,multiclass
exprt_anomaly,multiclass_seed4_fold4,test_videos,8
exprt_anomaly,video_binary_pooled,epochs,200
exprt_anomaly,video_binary_pooled,epochs,150
exprt_anomaly,video_binary_pooled,eval,LOO
exprt_anomaly,video_binary_pooled,eval,LOO
exprt_anomaly,video_binary_pooled,features_dir,pooled
exprt_anomaly,video_binary_pooled,features_dir,pooled
exprt_anomaly,video_binary_pooled,level,video
exprt_anomaly,video_binary_pooled,level,video
exprt_anomaly,video_binary_pooled,lr,0.01
exprt_anomaly,video_binary_pooled,lr,0.005
exprt_anomaly,video_binary_pooled,n_clips,2500
exprt_anomaly,video_binary_pooled,n_clips,2500
exprt_anomaly,video_binary_pooled,n_splits,5
exprt_anomaly,video_binary_pooled,n_splits,5
exprt_anomaly,video_binary_pooled,n_videos,40
exprt_anomaly,video_binary_pooled,n_videos,40
exprt_anomaly,video_binary_pooled,seeds,5
exprt_anomaly,video_binary_pooled,seeds,5
exprt_anomaly,video_binary_pooled,target,binary
exprt_anomaly,video_binary_pooled,target,binary
exprt_anomaly,video_binary_pooled,warmstart,True
exprt_anomaly,video_binary_pooled,warmstart,True
exprt_anomaly,video_binary_pooled,weight_decay,0.001
exprt_anomaly,video_binary_pooled,weight_decay,0.01
exprt_anomaly,video_binary_pooled_mean,epochs,150
exprt_anomaly,video_binary_pooled_mean,epochs,200
exprt_anomaly,video_binary_pooled_mean,epochs,100
exprt_anomaly,video_binary_pooled_mean,epochs,100
exprt_anomaly,video_binary_pooled_mean,eval,LOO
exprt_anomaly,video_binary_pooled_mean,eval,LOO
exprt_anomaly,video_binary_pooled_mean,eval,LOO
exprt_anomaly,video_binary_pooled_mean,eval,LOO
exprt_anomaly,video_binary_pooled_mean,features_dir,pooled_mean
exprt_anomaly,video_binary_pooled_mean,features_dir,pooled_mean
exprt_anomaly,video_binary_pooled_mean,features_dir,pooled_mean
exprt_anomaly,video_binary_pooled_mean,features_dir,pooled_mean
exprt_anomaly,video_binary_pooled_mean,level,video
exprt_anomaly,video_binary_pooled_mean,level,video
exprt_anomaly,video_binary_pooled_mean,level,video
exprt_anomaly,video_binary_pooled_mean,level,video
exprt_anomaly,video_binary_pooled_mean,lr,0.005
exprt_anomaly,video_binary_pooled_mean,lr,0.01
exprt_anomaly,video_binary_pooled_mean,lr,0.005
exprt_anomaly,video_binary_pooled_mean,lr,0.005
exprt_anomaly,video_binary_pooled_mean,n_clips,2500
exprt_anomaly,video_binary_pooled_mean,n_clips,2500
exprt_anomaly,video_binary_pooled_mean,n_clips,2500
exprt_anomaly,video_binary_pooled_mean,n_clips,2500
exprt_anomaly,video_binary_pooled_mean,n_splits,5
exprt_anomaly,video_binary_pooled_mean,n_splits,5
exprt_anomaly,video_binary_pooled_mean,n_splits,5
exprt_anomaly,video_binary_pooled_mean,n_splits,5
exprt_anomaly,video_binary_pooled_mean,n_videos,40
exprt_anomaly,video_binary_pooled_mean,n_videos,40
exprt_anomaly,video_binary_pooled_mean,n_videos,40
exprt_anomaly,video_binary_pooled_mean,n_videos,40
exprt_anomaly,video_binary_pooled_mean,seeds,5
exprt_anomaly,video_binary_pooled_mean,seeds,5
exprt_anomaly,video_binary_pooled_mean,seeds,5
exprt_anomaly,video_binary_pooled_mean,seeds,5
exprt_anomaly,video_binary_pooled_mean,target,binary
exprt_anomaly,video_binary_pooled_mean,target,binary
exprt_anomaly,video_binary_pooled_mean,target,binary
exprt_anomaly,video_binary_pooled_mean,target,binary
exprt_anomaly,video_binary_pooled_mean,warmstart,False
exprt_anomaly,video_binary_pooled_mean,warmstart,False
exprt_anomaly,video_binary_pooled_mean,warmstart,False
exprt_anomaly,video_binary_pooled_mean,warmstart,False
exprt_anomaly,video_binary_pooled_mean,weight_decay,0.01
exprt_anomaly,video_binary_pooled_mean,weight_decay,0.001
exprt_anomaly,video_binary_pooled_mean,weight_decay,0.03
exprt_anomaly,video_binary_pooled_mean,weight_decay,0.1
exprt_anomaly,video_binary_pooled_rand,epochs,150
exprt_anomaly,video_binary_pooled_rand,epochs,200
exprt_anomaly,video_binary_pooled_rand,eval,LOO
exprt_anomaly,video_binary_pooled_rand,eval,LOO
exprt_anomaly,video_binary_pooled_rand,features_dir,pooled_rand
exprt_anomaly,video_binary_pooled_rand,features_dir,pooled_rand
exprt_anomaly,video_binary_pooled_rand,level,video
exprt_anomaly,video_binary_pooled_rand,level,video
exprt_anomaly,video_binary_pooled_rand,lr,0.005
exprt_anomaly,video_binary_pooled_rand,lr,0.01
exprt_anomaly,video_binary_pooled_rand,n_clips,2500
exprt_anomaly,video_binary_pooled_rand,n_clips,2500
exprt_anomaly,video_binary_pooled_rand,n_splits,5
exprt_anomaly,video_binary_pooled_rand,n_splits,5
exprt_anomaly,video_binary_pooled_rand,n_videos,40
exprt_anomaly,video_binary_pooled_rand,n_videos,40
exprt_anomaly,video_binary_pooled_rand,seeds,5
exprt_anomaly,video_binary_pooled_rand,seeds,5
exprt_anomaly,video_binary_pooled_rand,target,binary
exprt_anomaly,video_binary_pooled_rand,target,binary
exprt_anomaly,video_binary_pooled_rand,warmstart,False
exprt_anomaly,video_binary_pooled_rand,warmstart,False
exprt_anomaly,video_binary_pooled_rand,weight_decay,0.01
exprt_anomaly,video_binary_pooled_rand,weight_decay,0.001
exprt_anomaly,video_multiclass_pooled,epochs,150
exprt_anomaly,video_multiclass_pooled,epochs,200
exprt_anomaly,video_multiclass_pooled,epochs,150
exprt_anomaly,video_multiclass_pooled,eval,5fold_x5
exprt_anomaly,video_multiclass_pooled,eval,5fold_x5
exprt_anomaly,video_multiclass_pooled,eval,5fold_x5
exprt_anomaly,video_multiclass_pooled,features_dir,pooled
exprt_anomaly,video_multiclass_pooled,features_dir,pooled
exprt_anomaly,video_multiclass_pooled,features_dir,pooled
exprt_anomaly,video_multiclass_pooled,level,video
exprt_anomaly,video_multiclass_pooled,level,video
exprt_anomaly,video_multiclass_pooled,level,video
exprt_anomaly,video_multiclass_pooled,lr,0.005
exprt_anomaly,video_multiclass_pooled,lr,0.01
exprt_anomaly,video_multiclass_pooled,lr,0.005
exprt_anomaly,video_multiclass_pooled,n_clips,2500
exprt_anomaly,video_multiclass_pooled,n_clips,2500
exprt_anomaly,video_multiclass_pooled,n_clips,2500
exprt_anomaly,video_multiclass_pooled,n_splits,5
exprt_anomaly,video_multiclass_pooled,n_splits,5
exprt_anomaly,video_multiclass_pooled,n_splits,5
exprt_anomaly,video_multiclass_pooled,n_videos,40
exprt_anomaly,video_multiclass_pooled,n_videos,40
exprt_anomaly,video_multiclass_pooled,n_videos,40
exprt_anomaly,video_multiclass_pooled,seeds,5
exprt_anomaly,video_multiclass_pooled,seeds,5
exprt_anomaly,video_multiclass_pooled,seeds,5
exprt_anomaly,video_multiclass_pooled,target,multiclass
exprt_anomaly,video_multiclass_pooled,target,multiclass
exprt_anomaly,video_multiclass_pooled,target,multiclass
exprt_anomaly,video_multiclass_pooled,warmstart,True
exprt_anomaly,video_multiclass_pooled,warmstart,True
exprt_anomaly,video_multiclass_pooled,warmstart,True
exprt_anomaly,video_multiclass_pooled,weight_decay,0.01
exprt_anomaly,video_multiclass_pooled,weight_decay,0.001
exprt_anomaly,video_multiclass_pooled,weight_decay,0.03
exprt_anomaly,video_multiclass_pooled_mean,epochs,200
exprt_anomaly,video_multiclass_pooled_mean,epochs,150
exprt_anomaly,video_multiclass_pooled_mean,eval,5fold_x5
exprt_anomaly,video_multiclass_pooled_mean,eval,5fold_x5
exprt_anomaly,video_multiclass_pooled_mean,features_dir,pooled_mean
exprt_anomaly,video_multiclass_pooled_mean,features_dir,pooled_mean
exprt_anomaly,video_multiclass_pooled_mean,level,video
exprt_anomaly,video_multiclass_pooled_mean,level,video
exprt_anomaly,video_multiclass_pooled_mean,lr,0.01
exprt_anomaly,video_multiclass_pooled_mean,lr,0.005
exprt_anomaly,video_multiclass_pooled_mean,n_clips,2500
exprt_anomaly,video_multiclass_pooled_mean,n_clips,2500
exprt_anomaly,video_multiclass_pooled_mean,n_splits,5
exprt_anomaly,video_multiclass_pooled_mean,n_splits,5
exprt_anomaly,video_multiclass_pooled_mean,n_videos,40
exprt_anomaly,video_multiclass_pooled_mean,n_videos,40
exprt_anomaly,video_multiclass_pooled_mean,seeds,5
exprt_anomaly,video_multiclass_pooled_mean,seeds,5
exprt_anomaly,video_multiclass_pooled_mean,target,multiclass
exprt_anomaly,video_multiclass_pooled_mean,target,multiclass
exprt_anomaly,video_multiclass_pooled_mean,warmstart,False
exprt_anomaly,video_multiclass_pooled_mean,warmstart,False
exprt_anomaly,video_multiclass_pooled_mean,weight_decay,0.001
exprt_anomaly,video_multiclass_pooled_mean,weight_decay,0.01
exprt_anomaly,video_multiclass_pooled_rand,epochs,200
exprt_anomaly,video_multiclass_pooled_rand,epochs,150
exprt_anomaly,video_multiclass_pooled_rand,eval,5fold_x5
exprt_anomaly,video_multiclass_pooled_rand,eval,5fold_x5
exprt_anomaly,video_multiclass_pooled_rand,features_dir,pooled_rand
exprt_anomaly,video_multiclass_pooled_rand,features_dir,pooled_rand
exprt_anomaly,video_multiclass_pooled_rand,level,video
exprt_anomaly,video_multiclass_pooled_rand,level,video
exprt_anomaly,video_multiclass_pooled_rand,lr,0.01
exprt_anomaly,video_multiclass_pooled_rand,lr,0.005
exprt_anomaly,video_multiclass_pooled_rand,n_clips,2500
exprt_anomaly,video_multiclass_pooled_rand,n_clips,2500
exprt_anomaly,video_multiclass_pooled_rand,n_splits,5
exprt_anomaly,video_multiclass_pooled_rand,n_splits,5
exprt_anomaly,video_multiclass_pooled_rand,n_videos,40
exprt_anomaly,video_multiclass_pooled_rand,n_videos,40
exprt_anomaly,video_multiclass_pooled_rand,seeds,5
exprt_anomaly,video_multiclass_pooled_rand,seeds,5
exprt_anomaly,video_multiclass_pooled_rand,target,multiclass
exprt_anomaly,video_multiclass_pooled_rand,target,multiclass
exprt_anomaly,video_multiclass_pooled_rand,warmstart,False
exprt_anomaly,video_multiclass_pooled_rand,warmstart,False
exprt_anomaly,video_multiclass_pooled_rand,weight_decay,0.001
exprt_anomaly,video_multiclass_pooled_rand,weight_decay,0.01
pour_probe,flow_pooled,epochs,300
pour_probe,flow_pooled,features_dir,pooled
pour_probe,flow_pooled,lr,0.005
pour_probe,flow_pooled,n_clips,5399
pour_probe,flow_pooled,n_sequences,180
pour_probe,flow_pooled,n_splits,5
pour_probe,flow_pooled,target,flow
pour_probe,flow_pooled,warmstart,True
pour_probe,flow_pooled,weight_decay,0.01
pour_probe,flow_pooled_mean,epochs,300
pour_probe,flow_pooled_mean,features_dir,pooled_mean
pour_probe,flow_pooled_mean,lr,0.005
pour_probe,flow_pooled_mean,n_clips,5399
pour_probe,flow_pooled_mean,n_sequences,180
pour_probe,flow_pooled_mean,n_splits,5
pour_probe,flow_pooled_mean,target,flow
pour_probe,flow_pooled_mean,warmstart,False
pour_probe,flow_pooled_mean,weight_decay,0.01
pour_probe,volume_pooled,epochs,300
pour_probe,volume_pooled,features_dir,pooled
pour_probe,volume_pooled,lr,0.005
pour_probe,volume_pooled,n_clips,5399
pour_probe,volume_pooled,n_sequences,180
pour_probe,volume_pooled,n_splits,5
pour_probe,volume_pooled,target,volume
pour_probe,volume_pooled,warmstart,True
pour_probe,volume_pooled,weight_decay,0.01
pour_probe,volume_pooled_mean,epochs,300
pour_probe,volume_pooled_mean,features_dir,pooled_mean
pour_probe,volume_pooled_mean,lr,0.005
pour_probe,volume_pooled_mean,n_clips,5399
pour_probe,volume_pooled_mean,n_sequences,180
pour_probe,volume_pooled_mean,n_splits,5
pour_probe,volume_pooled_mean,target,volume
pour_probe,volume_pooled_mean,warmstart,False
pour_probe,volume_pooled_mean,weight_decay,0.01
pour_probe_baselines,r2plus1d_18_112_flow,alpha,1000.0
pour_probe_baselines,r2plus1d_18_112_flow,backbone,r2plus1d_18
pour_probe_baselines,r2plus1d_18_112_flow,feat_dim,512
pour_probe_baselines,r2plus1d_18_112_flow,folds,trial4
pour_probe_baselines,r2plus1d_18_112_flow,input_size,112
pour_probe_baselines,r2plus1d_18_112_flow,lag_s,0.7
pour_probe_baselines,r2plus1d_18_112_flow,n_windows,2170
pour_probe_baselines,r2plus1d_18_112_flow,pool,mean
pour_probe_baselines,r2plus1d_18_112_flow,protocol,frozen+ridge+4fold_by_trial
pour_probe_baselines,r2plus1d_18_112_flow,target,flow
pour_probe_baselines,r2plus1d_18_112_volume,alpha,1000.0
pour_probe_baselines,r2plus1d_18_112_volume,backbone,r2plus1d_18
pour_probe_baselines,r2plus1d_18_112_volume,feat_dim,512
pour_probe_baselines,r2plus1d_18_112_volume,folds,trial4
pour_probe_baselines,r2plus1d_18_112_volume,input_size,112
pour_probe_baselines,r2plus1d_18_112_volume,lag_s,0.0
pour_probe_baselines,r2plus1d_18_112_volume,n_windows,2170
pour_probe_baselines,r2plus1d_18_112_volume,pool,mean
pour_probe_baselines,r2plus1d_18_112_volume,protocol,frozen+ridge+4fold_by_trial
pour_probe_baselines,r2plus1d_18_112_volume,target,volume
pour_probe_baselines,r2plus1d_18_128_flow,alpha,1000.0
pour_probe_baselines,r2plus1d_18_128_flow,backbone,r2plus1d_18
pour_probe_baselines,r2plus1d_18_128_flow,feat_dim,512
pour_probe_baselines,r2plus1d_18_128_flow,folds,trial4
pour_probe_baselines,r2plus1d_18_128_flow,input_size,128
pour_probe_baselines,r2plus1d_18_128_flow,lag_s,0.7
pour_probe_baselines,r2plus1d_18_128_flow,n_windows,2170
pour_probe_baselines,r2plus1d_18_128_flow,pool,mean
pour_probe_baselines,r2plus1d_18_128_flow,protocol,frozen+ridge+4fold_by_trial
pour_probe_baselines,r2plus1d_18_128_flow,target,flow
pour_probe_baselines,r2plus1d_18_128_volume,alpha,1000.0
pour_probe_baselines,r2plus1d_18_128_volume,backbone,r2plus1d_18
pour_probe_baselines,r2plus1d_18_128_volume,feat_dim,512
pour_probe_baselines,r2plus1d_18_128_volume,folds,trial4
pour_probe_baselines,r2plus1d_18_128_volume,input_size,128
pour_probe_baselines,r2plus1d_18_128_volume,lag_s,0.0
pour_probe_baselines,r2plus1d_18_128_volume,n_windows,2170
pour_probe_baselines,r2plus1d_18_128_volume,pool,mean
pour_probe_baselines,r2plus1d_18_128_volume,protocol,frozen+ridge+4fold_by_trial
pour_probe_baselines,r2plus1d_18_128_volume,target,volume
pour_probe_baselines,resnet50_mean_flow,alpha,100000.0
pour_probe_baselines,resnet50_mean_flow,backbone,resnet50_imagenet
pour_probe_baselines,resnet50_mean_flow,feat_dim,2048
pour_probe_baselines,resnet50_mean_flow,folds,trial4
pour_probe_baselines,resnet50_mean_flow,input_size,224
pour_probe_baselines,resnet50_mean_flow,lag_s,0.7
pour_probe_baselines,resnet50_mean_flow,n_windows,2170
pour_probe_baselines,resnet50_mean_flow,per_frame_2d,True
pour_probe_baselines,resnet50_mean_flow,pool,mean
pour_probe_baselines,resnet50_mean_flow,protocol,frozen+ridge+4fold_by_trial
pour_probe_baselines,resnet50_mean_flow,target,flow
pour_probe_baselines,resnet50_mean_volume,alpha,100000.0
pour_probe_baselines,resnet50_mean_volume,backbone,resnet50_imagenet
pour_probe_baselines,resnet50_mean_volume,feat_dim,2048
pour_probe_baselines,resnet50_mean_volume,folds,trial4
pour_probe_baselines,resnet50_mean_volume,input_size,224
pour_probe_baselines,resnet50_mean_volume,lag_s,0.0
pour_probe_baselines,resnet50_mean_volume,n_windows,2170
pour_probe_baselines,resnet50_mean_volume,per_frame_2d,True
pour_probe_baselines,resnet50_mean_volume,pool,mean
pour_probe_baselines,resnet50_mean_volume,protocol,frozen+ridge+4fold_by_trial
pour_probe_baselines,resnet50_mean_volume,target,volume
pour_probe_baselines,resnet50_meanstd_flow,alpha,100000.0
pour_probe_baselines,resnet50_meanstd_flow,backbone,resnet50_imagenet
pour_probe_baselines,resnet50_meanstd_flow,feat_dim,4096
pour_probe_baselines,resnet50_meanstd_flow,folds,trial4
pour_probe_baselines,resnet50_meanstd_flow,input_size,224
pour_probe_baselines,resnet50_meanstd_flow,lag_s,0.7
pour_probe_baselines,resnet50_meanstd_flow,n_windows,2170
pour_probe_baselines,resnet50_meanstd_flow,per_frame_2d,True
pour_probe_baselines,resnet50_meanstd_flow,pool,meanstd
pour_probe_baselines,resnet50_meanstd_flow,protocol,frozen+ridge+4fold_by_trial
pour_probe_baselines,resnet50_meanstd_flow,target,flow
pour_probe_baselines,resnet50_meanstd_volume,alpha,100000.0
pour_probe_baselines,resnet50_meanstd_volume,backbone,resnet50_imagenet
pour_probe_baselines,resnet50_meanstd_volume,feat_dim,4096
pour_probe_baselines,resnet50_meanstd_volume,folds,trial4
pour_probe_baselines,resnet50_meanstd_volume,input_size,224
pour_probe_baselines,resnet50_meanstd_volume,lag_s,0.0
pour_probe_baselines,resnet50_meanstd_volume,n_windows,2170
pour_probe_baselines,resnet50_meanstd_volume,per_frame_2d,True
pour_probe_baselines,resnet50_meanstd_volume,pool,meanstd
pour_probe_baselines,resnet50_meanstd_volume,protocol,frozen+ridge+4fold_by_trial
pour_probe_baselines,resnet50_meanstd_volume,target,volume
pour_probe_baselines,s3d_224_flow,alpha,1000.0
pour_probe_baselines,s3d_224_flow,backbone,s3d
pour_probe_baselines,s3d_224_flow,feat_dim,1024
pour_probe_baselines,s3d_224_flow,folds,trial4
pour_probe_baselines,s3d_224_flow,input_size,224
pour_probe_baselines,s3d_224_flow,lag_s,0.7
pour_probe_baselines,s3d_224_flow,n_windows,2170
pour_probe_baselines,s3d_224_flow,pool,mean
pour_probe_baselines,s3d_224_flow,protocol,frozen+ridge+4fold_by_trial
pour_probe_baselines,s3d_224_flow,target,flow
pour_probe_baselines,s3d_224_volume,alpha,1000.0
pour_probe_baselines,s3d_224_volume,backbone,s3d
pour_probe_baselines,s3d_224_volume,feat_dim,1024
pour_probe_baselines,s3d_224_volume,folds,trial4
pour_probe_baselines,s3d_224_volume,input_size,224
pour_probe_baselines,s3d_224_volume,lag_s,0.0
pour_probe_baselines,s3d_224_volume,n_windows,2170
pour_probe_baselines,s3d_224_volume,pool,mean
pour_probe_baselines,s3d_224_volume,protocol,frozen+ridge+4fold_by_trial
pour_probe_baselines,s3d_224_volume,target,volume
pour_probe_baselines,sow_CAM2_axial_mean_flow,alpha,1000.0
pour_probe_baselines,sow_CAM2_axial_mean_flow,backbone,sound_of_water_wav2vec2
pour_probe_baselines,sow_CAM2_axial_mean_flow,cams,CAM2
pour_probe_baselines,sow_CAM2_axial_mean_flow,feat_dim,64
pour_probe_baselines,sow_CAM2_axial_mean_flow,folds,trial4
pour_probe_baselines,sow_CAM2_axial_mean_flow,lag_s,0.7
pour_probe_baselines,sow_CAM2_axial_mean_flow,modality,audio
pour_probe_baselines,sow_CAM2_axial_mean_flow,n_windows,1085
pour_probe_baselines,sow_CAM2_axial_mean_flow,pool,mean
pour_probe_baselines,sow_CAM2_axial_mean_flow,protocol,frozen+ridge+4fold_by_trial
pour_probe_baselines,sow_CAM2_axial_mean_flow,target,flow
pour_probe_baselines,sow_CAM2_axial_mean_flow,variant,axial
pour_probe_baselines,sow_CAM2_axial_mean_volume,alpha,1000.0
pour_probe_baselines,sow_CAM2_axial_mean_volume,backbone,sound_of_water_wav2vec2
pour_probe_baselines,sow_CAM2_axial_mean_volume,cams,CAM2
pour_probe_baselines,sow_CAM2_axial_mean_volume,feat_dim,64
pour_probe_baselines,sow_CAM2_axial_mean_volume,folds,trial4
pour_probe_baselines,sow_CAM2_axial_mean_volume,lag_s,0.0
pour_probe_baselines,sow_CAM2_axial_mean_volume,modality,audio
pour_probe_baselines,sow_CAM2_axial_mean_volume,n_windows,1085
pour_probe_baselines,sow_CAM2_axial_mean_volume,pool,mean
pour_probe_baselines,sow_CAM2_axial_mean_volume,protocol,frozen+ridge+4fold_by_trial
pour_probe_baselines,sow_CAM2_axial_mean_volume,target,volume
pour_probe_baselines,sow_CAM2_axial_mean_volume,variant,axial
pour_probe_baselines,sow_CAM2_axial_meanstd_flow,alpha,1000.0
pour_probe_baselines,sow_CAM2_axial_meanstd_flow,backbone,sound_of_water_wav2vec2
pour_probe_baselines,sow_CAM2_axial_meanstd_flow,cams,CAM2
pour_probe_baselines,sow_CAM2_axial_meanstd_flow,feat_dim,128
pour_probe_baselines,sow_CAM2_axial_meanstd_flow,folds,trial4
pour_probe_baselines,sow_CAM2_axial_meanstd_flow,lag_s,0.7
pour_probe_baselines,sow_CAM2_axial_meanstd_flow,modality,audio
pour_probe_baselines,sow_CAM2_axial_meanstd_flow,n_windows,1085
pour_probe_baselines,sow_CAM2_axial_meanstd_flow,pool,meanstd
pour_probe_baselines,sow_CAM2_axial_meanstd_flow,protocol,frozen+ridge+4fold_by_trial
pour_probe_baselines,sow_CAM2_axial_meanstd_flow,target,flow
pour_probe_baselines,sow_CAM2_axial_meanstd_flow,variant,axial
pour_probe_baselines,sow_CAM2_axial_meanstd_volume,alpha,1000.0
pour_probe_baselines,sow_CAM2_axial_meanstd_volume,backbone,sound_of_water_wav2vec2
pour_probe_baselines,sow_CAM2_axial_meanstd_volume,cams,CAM2
pour_probe_baselines,sow_CAM2_axial_meanstd_volume,feat_dim,128
pour_probe_baselines,sow_CAM2_axial_meanstd_volume,folds,trial4
pour_probe_baselines,sow_CAM2_axial_meanstd_volume,lag_s,0.0
pour_probe_baselines,sow_CAM2_axial_meanstd_volume,modality,audio
pour_probe_baselines,sow_CAM2_axial_meanstd_volume,n_windows,1085
pour_probe_baselines,sow_CAM2_axial_meanstd_volume,pool,meanstd
pour_probe_baselines,sow_CAM2_axial_meanstd_volume,protocol,frozen+ridge+4fold_by_trial
pour_probe_baselines,sow_CAM2_axial_meanstd_volume,target,volume
pour_probe_baselines,sow_CAM2_axial_meanstd_volume,variant,axial
pour_probe_baselines,sow_CAM2_lambda_raw_flow,alpha,100
pour_probe_baselines,sow_CAM2_lambda_raw_flow,backbone,sound_of_water_wav2vec2
pour_probe_baselines,sow_CAM2_lambda_raw_flow,cams,CAM2
pour_probe_baselines,sow_CAM2_lambda_raw_flow,feat_dim,3
pour_probe_baselines,sow_CAM2_lambda_raw_flow,folds,trial4
pour_probe_baselines,sow_CAM2_lambda_raw_flow,lag_s,0.7
pour_probe_baselines,sow_CAM2_lambda_raw_flow,modality,audio
pour_probe_baselines,sow_CAM2_lambda_raw_flow,n_windows,1085
pour_probe_baselines,sow_CAM2_lambda_raw_flow,pool,raw
pour_probe_baselines,sow_CAM2_lambda_raw_flow,protocol,frozen+ridge+4fold_by_trial
pour_probe_baselines,sow_CAM2_lambda_raw_flow,target,flow
pour_probe_baselines,sow_CAM2_lambda_raw_flow,variant,lambda
pour_probe_baselines,sow_CAM2_lambda_raw_volume,alpha,100
pour_probe_baselines,sow_CAM2_lambda_raw_volume,backbone,sound_of_water_wav2vec2
pour_probe_baselines,sow_CAM2_lambda_raw_volume,cams,CAM2
pour_probe_baselines,sow_CAM2_lambda_raw_volume,feat_dim,3
pour_probe_baselines,sow_CAM2_lambda_raw_volume,folds,trial4
pour_probe_baselines,sow_CAM2_lambda_raw_volume,lag_s,0.0
pour_probe_baselines,sow_CAM2_lambda_raw_volume,modality,audio
pour_probe_baselines,sow_CAM2_lambda_raw_volume,n_windows,1085
pour_probe_baselines,sow_CAM2_lambda_raw_volume,pool,raw
pour_probe_baselines,sow_CAM2_lambda_raw_volume,protocol,frozen+ridge+4fold_by_trial
pour_probe_baselines,sow_CAM2_lambda_raw_volume,target,volume
pour_probe_baselines,sow_CAM2_lambda_raw_volume,variant,lambda
pour_probe_baselines,sow_CAM2_wav2vec_mean_flow,alpha,100
pour_probe_baselines,sow_CAM2_wav2vec_mean_flow,backbone,sound_of_water_wav2vec2
pour_probe_baselines,sow_CAM2_wav2vec_mean_flow,cams,CAM2
pour_probe_baselines,sow_CAM2_wav2vec_mean_flow,feat_dim,768
pour_probe_baselines,sow_CAM2_wav2vec_mean_flow,folds,trial4
pour_probe_baselines,sow_CAM2_wav2vec_mean_flow,lag_s,0.7
pour_probe_baselines,sow_CAM2_wav2vec_mean_flow,modality,audio
pour_probe_baselines,sow_CAM2_wav2vec_mean_flow,n_windows,1085
pour_probe_baselines,sow_CAM2_wav2vec_mean_flow,pool,mean
pour_probe_baselines,sow_CAM2_wav2vec_mean_flow,protocol,frozen+ridge+4fold_by_trial
pour_probe_baselines,sow_CAM2_wav2vec_mean_flow,target,flow
pour_probe_baselines,sow_CAM2_wav2vec_mean_flow,variant,wav2vec
pour_probe_baselines,sow_CAM2_wav2vec_mean_volume,alpha,100
pour_probe_baselines,sow_CAM2_wav2vec_mean_volume,backbone,sound_of_water_wav2vec2
pour_probe_baselines,sow_CAM2_wav2vec_mean_volume,cams,CAM2
pour_probe_baselines,sow_CAM2_wav2vec_mean_volume,feat_dim,768
pour_probe_baselines,sow_CAM2_wav2vec_mean_volume,folds,trial4
pour_probe_baselines,sow_CAM2_wav2vec_mean_volume,lag_s,0.0
pour_probe_baselines,sow_CAM2_wav2vec_mean_volume,modality,audio
pour_probe_baselines,sow_CAM2_wav2vec_mean_volume,n_windows,1085
pour_probe_baselines,sow_CAM2_wav2vec_mean_volume,pool,mean
pour_probe_baselines,sow_CAM2_wav2vec_mean_volume,protocol,frozen+ridge+4fold_by_trial
pour_probe_baselines,sow_CAM2_wav2vec_mean_volume,target,volume
pour_probe_baselines,sow_CAM2_wav2vec_mean_volume,variant,wav2vec
pour_probe_baselines,sow_CAM2_wav2vec_meanstd_flow,alpha,1000.0
pour_probe_baselines,sow_CAM2_wav2vec_meanstd_flow,backbone,sound_of_water_wav2vec2
pour_probe_baselines,sow_CAM2_wav2vec_meanstd_flow,cams,CAM2
pour_probe_baselines,sow_CAM2_wav2vec_meanstd_flow,feat_dim,1536
pour_probe_baselines,sow_CAM2_wav2vec_meanstd_flow,folds,trial4
pour_probe_baselines,sow_CAM2_wav2vec_meanstd_flow,lag_s,0.7
pour_probe_baselines,sow_CAM2_wav2vec_meanstd_flow,modality,audio
pour_probe_baselines,sow_CAM2_wav2vec_meanstd_flow,n_windows,1085
pour_probe_baselines,sow_CAM2_wav2vec_meanstd_flow,pool,meanstd
pour_probe_baselines,sow_CAM2_wav2vec_meanstd_flow,protocol,frozen+ridge+4fold_by_trial
pour_probe_baselines,sow_CAM2_wav2vec_meanstd_flow,target,flow
pour_probe_baselines,sow_CAM2_wav2vec_meanstd_flow,variant,wav2vec
pour_probe_baselines,sow_CAM2_wav2vec_meanstd_volume,alpha,1000.0
pour_probe_baselines,sow_CAM2_wav2vec_meanstd_volume,backbone,sound_of_water_wav2vec2
pour_probe_baselines,sow_CAM2_wav2vec_meanstd_volume,cams,CAM2
pour_probe_baselines,sow_CAM2_wav2vec_meanstd_volume,feat_dim,1536
pour_probe_baselines,sow_CAM2_wav2vec_meanstd_volume,folds,trial4
pour_probe_baselines,sow_CAM2_wav2vec_meanstd_volume,lag_s,0.0
pour_probe_baselines,sow_CAM2_wav2vec_meanstd_volume,modality,audio
pour_probe_baselines,sow_CAM2_wav2vec_meanstd_volume,n_windows,1085
pour_probe_baselines,sow_CAM2_wav2vec_meanstd_volume,pool,meanstd
pour_probe_baselines,sow_CAM2_wav2vec_meanstd_volume,protocol,frozen+ridge+4fold_by_trial
pour_probe_baselines,sow_CAM2_wav2vec_meanstd_volume,target,volume
pour_probe_baselines,sow_CAM2_wav2vec_meanstd_volume,variant,wav2vec
pour_probe_baselines,sow_CAM3_axial_mean_flow,alpha,1000.0
pour_probe_baselines,sow_CAM3_axial_mean_flow,backbone,sound_of_water_wav2vec2
pour_probe_baselines,sow_CAM3_axial_mean_flow,cams,CAM3
pour_probe_baselines,sow_CAM3_axial_mean_flow,feat_dim,64
pour_probe_baselines,sow_CAM3_axial_mean_flow,folds,trial4
pour_probe_baselines,sow_CAM3_axial_mean_flow,lag_s,0.7
pour_probe_baselines,sow_CAM3_axial_mean_flow,modality,audio
pour_probe_baselines,sow_CAM3_axial_mean_flow,n_windows,1085
pour_probe_baselines,sow_CAM3_axial_mean_flow,pool,mean
pour_probe_baselines,sow_CAM3_axial_mean_flow,protocol,frozen+ridge+4fold_by_trial
pour_probe_baselines,sow_CAM3_axial_mean_flow,target,flow
pour_probe_baselines,sow_CAM3_axial_mean_flow,variant,axial
pour_probe_baselines,sow_CAM3_axial_mean_volume,alpha,1000.0
pour_probe_baselines,sow_CAM3_axial_mean_volume,backbone,sound_of_water_wav2vec2
pour_probe_baselines,sow_CAM3_axial_mean_volume,cams,CAM3
pour_probe_baselines,sow_CAM3_axial_mean_volume,feat_dim,64
pour_probe_baselines,sow_CAM3_axial_mean_volume,folds,trial4
pour_probe_baselines,sow_CAM3_axial_mean_volume,lag_s,0.0
pour_probe_baselines,sow_CAM3_axial_mean_volume,modality,audio
pour_probe_baselines,sow_CAM3_axial_mean_volume,n_windows,1085
pour_probe_baselines,sow_CAM3_axial_mean_volume,pool,mean
pour_probe_baselines,sow_CAM3_axial_mean_volume,protocol,frozen+ridge+4fold_by_trial
pour_probe_baselines,sow_CAM3_axial_mean_volume,target,volume
pour_probe_baselines,sow_CAM3_axial_mean_volume,variant,axial
pour_probe_baselines,sow_CAM3_axial_meanstd_flow,alpha,1000.0
pour_probe_baselines,sow_CAM3_axial_meanstd_flow,backbone,sound_of_water_wav2vec2
pour_probe_baselines,sow_CAM3_axial_meanstd_flow,cams,CAM3
pour_probe_baselines,sow_CAM3_axial_meanstd_flow,feat_dim,128
pour_probe_baselines,sow_CAM3_axial_meanstd_flow,folds,trial4
pour_probe_baselines,sow_CAM3_axial_meanstd_flow,lag_s,0.7
pour_probe_baselines,sow_CAM3_axial_meanstd_flow,modality,audio
pour_probe_baselines,sow_CAM3_axial_meanstd_flow,n_windows,1085
pour_probe_baselines,sow_CAM3_axial_meanstd_flow,pool,meanstd
pour_probe_baselines,sow_CAM3_axial_meanstd_flow,protocol,frozen+ridge+4fold_by_trial
pour_probe_baselines,sow_CAM3_axial_meanstd_flow,target,flow
pour_probe_baselines,sow_CAM3_axial_meanstd_flow,variant,axial
pour_probe_baselines,sow_CAM3_axial_meanstd_volume,alpha,100
pour_probe_baselines,sow_CAM3_axial_meanstd_volume,backbone,sound_of_water_wav2vec2
pour_probe_baselines,sow_CAM3_axial_meanstd_volume,cams,CAM3
pour_probe_baselines,sow_CAM3_axial_meanstd_volume,feat_dim,128
pour_probe_baselines,sow_CAM3_axial_meanstd_volume,folds,trial4
pour_probe_baselines,sow_CAM3_axial_meanstd_volume,lag_s,0.0
pour_probe_baselines,sow_CAM3_axial_meanstd_volume,modality,audio
pour_probe_baselines,sow_CAM3_axial_meanstd_volume,n_windows,1085
pour_probe_baselines,sow_CAM3_axial_meanstd_volume,pool,meanstd
pour_probe_baselines,sow_CAM3_axial_meanstd_volume,protocol,frozen+ridge+4fold_by_trial
pour_probe_baselines,sow_CAM3_axial_meanstd_volume,target,volume
pour_probe_baselines,sow_CAM3_axial_meanstd_volume,variant,axial
pour_probe_baselines,sow_CAM3_lambda_raw_flow,alpha,100
pour_probe_baselines,sow_CAM3_lambda_raw_flow,backbone,sound_of_water_wav2vec2
pour_probe_baselines,sow_CAM3_lambda_raw_flow,cams,CAM3
pour_probe_baselines,sow_CAM3_lambda_raw_flow,feat_dim,3
pour_probe_baselines,sow_CAM3_lambda_raw_flow,folds,trial4
pour_probe_baselines,sow_CAM3_lambda_raw_flow,lag_s,0.7
pour_probe_baselines,sow_CAM3_lambda_raw_flow,modality,audio
pour_probe_baselines,sow_CAM3_lambda_raw_flow,n_windows,1085
pour_probe_baselines,sow_CAM3_lambda_raw_flow,pool,raw
pour_probe_baselines,sow_CAM3_lambda_raw_flow,protocol,frozen+ridge+4fold_by_trial
pour_probe_baselines,sow_CAM3_lambda_raw_flow,target,flow
pour_probe_baselines,sow_CAM3_lambda_raw_flow,variant,lambda
pour_probe_baselines,sow_CAM3_lambda_raw_volume,alpha,100
pour_probe_baselines,sow_CAM3_lambda_raw_volume,backbone,sound_of_water_wav2vec2
pour_probe_baselines,sow_CAM3_lambda_raw_volume,cams,CAM3
pour_probe_baselines,sow_CAM3_lambda_raw_volume,feat_dim,3
pour_probe_baselines,sow_CAM3_lambda_raw_volume,folds,trial4
pour_probe_baselines,sow_CAM3_lambda_raw_volume,lag_s,0.0
pour_probe_baselines,sow_CAM3_lambda_raw_volume,modality,audio
pour_probe_baselines,sow_CAM3_lambda_raw_volume,n_windows,1085
pour_probe_baselines,sow_CAM3_lambda_raw_volume,pool,raw
pour_probe_baselines,sow_CAM3_lambda_raw_volume,protocol,frozen+ridge+4fold_by_trial
pour_probe_baselines,sow_CAM3_lambda_raw_volume,target,volume
pour_probe_baselines,sow_CAM3_lambda_raw_volume,variant,lambda
pour_probe_baselines,sow_CAM3_wav2vec_mean_flow,alpha,100
pour_probe_baselines,sow_CAM3_wav2vec_mean_flow,backbone,sound_of_water_wav2vec2
pour_probe_baselines,sow_CAM3_wav2vec_mean_flow,cams,CAM3
pour_probe_baselines,sow_CAM3_wav2vec_mean_flow,feat_dim,768
pour_probe_baselines,sow_CAM3_wav2vec_mean_flow,folds,trial4
pour_probe_baselines,sow_CAM3_wav2vec_mean_flow,lag_s,0.7
pour_probe_baselines,sow_CAM3_wav2vec_mean_flow,modality,audio
pour_probe_baselines,sow_CAM3_wav2vec_mean_flow,n_windows,1085
pour_probe_baselines,sow_CAM3_wav2vec_mean_flow,pool,mean
pour_probe_baselines,sow_CAM3_wav2vec_mean_flow,protocol,frozen+ridge+4fold_by_trial
pour_probe_baselines,sow_CAM3_wav2vec_mean_flow,target,flow
pour_probe_baselines,sow_CAM3_wav2vec_mean_flow,variant,wav2vec
pour_probe_baselines,sow_CAM3_wav2vec_mean_volume,alpha,10
pour_probe_baselines,sow_CAM3_wav2vec_mean_volume,backbone,sound_of_water_wav2vec2
pour_probe_baselines,sow_CAM3_wav2vec_mean_volume,cams,CAM3
pour_probe_baselines,sow_CAM3_wav2vec_mean_volume,feat_dim,768
pour_probe_baselines,sow_CAM3_wav2vec_mean_volume,folds,trial4
pour_probe_baselines,sow_CAM3_wav2vec_mean_volume,lag_s,0.0
pour_probe_baselines,sow_CAM3_wav2vec_mean_volume,modality,audio
pour_probe_baselines,sow_CAM3_wav2vec_mean_volume,n_windows,1085
pour_probe_baselines,sow_CAM3_wav2vec_mean_volume,pool,mean
pour_probe_baselines,sow_CAM3_wav2vec_mean_volume,protocol,frozen+ridge+4fold_by_trial
pour_probe_baselines,sow_CAM3_wav2vec_mean_volume,target,volume
pour_probe_baselines,sow_CAM3_wav2vec_mean_volume,variant,wav2vec
pour_probe_baselines,sow_CAM3_wav2vec_meanstd_flow,alpha,1000.0
pour_probe_baselines,sow_CAM3_wav2vec_meanstd_flow,backbone,sound_of_water_wav2vec2
pour_probe_baselines,sow_CAM3_wav2vec_meanstd_flow,cams,CAM3
pour_probe_baselines,sow_CAM3_wav2vec_meanstd_flow,feat_dim,1536
pour_probe_baselines,sow_CAM3_wav2vec_meanstd_flow,folds,trial4
pour_probe_baselines,sow_CAM3_wav2vec_meanstd_flow,lag_s,0.7
pour_probe_baselines,sow_CAM3_wav2vec_meanstd_flow,modality,audio
pour_probe_baselines,sow_CAM3_wav2vec_meanstd_flow,n_windows,1085
pour_probe_baselines,sow_CAM3_wav2vec_meanstd_flow,pool,meanstd
pour_probe_baselines,sow_CAM3_wav2vec_meanstd_flow,protocol,frozen+ridge+4fold_by_trial
pour_probe_baselines,sow_CAM3_wav2vec_meanstd_flow,target,flow
pour_probe_baselines,sow_CAM3_wav2vec_meanstd_flow,variant,wav2vec
pour_probe_baselines,sow_CAM3_wav2vec_meanstd_volume,alpha,100
pour_probe_baselines,sow_CAM3_wav2vec_meanstd_volume,backbone,sound_of_water_wav2vec2
pour_probe_baselines,sow_CAM3_wav2vec_meanstd_volume,cams,CAM3
pour_probe_baselines,sow_CAM3_wav2vec_meanstd_volume,feat_dim,1536
pour_probe_baselines,sow_CAM3_wav2vec_meanstd_volume,folds,trial4
pour_probe_baselines,sow_CAM3_wav2vec_meanstd_volume,lag_s,0.0
pour_probe_baselines,sow_CAM3_wav2vec_meanstd_volume,modality,audio
pour_probe_baselines,sow_CAM3_wav2vec_meanstd_volume,n_windows,1085
pour_probe_baselines,sow_CAM3_wav2vec_meanstd_volume,pool,meanstd
pour_probe_baselines,sow_CAM3_wav2vec_meanstd_volume,protocol,frozen+ridge+4fold_by_trial
pour_probe_baselines,sow_CAM3_wav2vec_meanstd_volume,target,volume
pour_probe_baselines,sow_CAM3_wav2vec_meanstd_volume,variant,wav2vec
pour_probe_baselines,sow_both_axial_mean_flow,alpha,1000.0
pour_probe_baselines,sow_both_axial_mean_flow,backbone,sound_of_water_wav2vec2
pour_probe_baselines,sow_both_axial_mean_flow,cams,both
pour_probe_baselines,sow_both_axial_mean_flow,feat_dim,64
pour_probe_baselines,sow_both_axial_mean_flow,folds,trial4
pour_probe_baselines,sow_both_axial_mean_flow,lag_s,0.7
pour_probe_baselines,sow_both_axial_mean_flow,modality,audio
pour_probe_baselines,sow_both_axial_mean_flow,n_windows,2170
pour_probe_baselines,sow_both_axial_mean_flow,pool,mean
pour_probe_baselines,sow_both_axial_mean_flow,protocol,frozen+ridge+4fold_by_trial
pour_probe_baselines,sow_both_axial_mean_flow,target,flow
pour_probe_baselines,sow_both_axial_mean_flow,variant,axial
pour_probe_baselines,sow_both_axial_mean_volume,alpha,1000.0
pour_probe_baselines,sow_both_axial_mean_volume,backbone,sound_of_water_wav2vec2
pour_probe_baselines,sow_both_axial_mean_volume,cams,both
pour_probe_baselines,sow_both_axial_mean_volume,feat_dim,64
pour_probe_baselines,sow_both_axial_mean_volume,folds,trial4
pour_probe_baselines,sow_both_axial_mean_volume,lag_s,0.0
pour_probe_baselines,sow_both_axial_mean_volume,modality,audio
pour_probe_baselines,sow_both_axial_mean_volume,n_windows,2170
pour_probe_baselines,sow_both_axial_mean_volume,pool,mean
pour_probe_baselines,sow_both_axial_mean_volume,protocol,frozen+ridge+4fold_by_trial
pour_probe_baselines,sow_both_axial_mean_volume,target,volume
pour_probe_baselines,sow_both_axial_mean_volume,variant,axial
pour_probe_baselines,sow_both_axial_meanstd_flow,alpha,1000.0
pour_probe_baselines,sow_both_axial_meanstd_flow,backbone,sound_of_water_wav2vec2
pour_probe_baselines,sow_both_axial_meanstd_flow,cams,both
pour_probe_baselines,sow_both_axial_meanstd_flow,feat_dim,128
pour_probe_baselines,sow_both_axial_meanstd_flow,folds,trial4
pour_probe_baselines,sow_both_axial_meanstd_flow,lag_s,0.7
pour_probe_baselines,sow_both_axial_meanstd_flow,modality,audio
pour_probe_baselines,sow_both_axial_meanstd_flow,n_windows,2170
pour_probe_baselines,sow_both_axial_meanstd_flow,pool,meanstd
pour_probe_baselines,sow_both_axial_meanstd_flow,protocol,frozen+ridge+4fold_by_trial
pour_probe_baselines,sow_both_axial_meanstd_flow,target,flow
pour_probe_baselines,sow_both_axial_meanstd_flow,variant,axial
pour_probe_baselines,sow_both_axial_meanstd_volume,alpha,100
pour_probe_baselines,sow_both_axial_meanstd_volume,backbone,sound_of_water_wav2vec2
pour_probe_baselines,sow_both_axial_meanstd_volume,cams,both
pour_probe_baselines,sow_both_axial_meanstd_volume,feat_dim,128
pour_probe_baselines,sow_both_axial_meanstd_volume,folds,trial4
pour_probe_baselines,sow_both_axial_meanstd_volume,lag_s,0.0
pour_probe_baselines,sow_both_axial_meanstd_volume,modality,audio
pour_probe_baselines,sow_both_axial_meanstd_volume,n_windows,2170
pour_probe_baselines,sow_both_axial_meanstd_volume,pool,meanstd
pour_probe_baselines,sow_both_axial_meanstd_volume,protocol,frozen+ridge+4fold_by_trial
pour_probe_baselines,sow_both_axial_meanstd_volume,target,volume
pour_probe_baselines,sow_both_axial_meanstd_volume,variant,axial
pour_probe_baselines,sow_both_lambda_raw_flow,alpha,100
pour_probe_baselines,sow_both_lambda_raw_flow,backbone,sound_of_water_wav2vec2
pour_probe_baselines,sow_both_lambda_raw_flow,cams,both
pour_probe_baselines,sow_both_lambda_raw_flow,feat_dim,3
pour_probe_baselines,sow_both_lambda_raw_flow,folds,trial4
pour_probe_baselines,sow_both_lambda_raw_flow,lag_s,0.7
pour_probe_baselines,sow_both_lambda_raw_flow,modality,audio
pour_probe_baselines,sow_both_lambda_raw_flow,n_windows,2170
pour_probe_baselines,sow_both_lambda_raw_flow,pool,raw
pour_probe_baselines,sow_both_lambda_raw_flow,protocol,frozen+ridge+4fold_by_trial
pour_probe_baselines,sow_both_lambda_raw_flow,target,flow
pour_probe_baselines,sow_both_lambda_raw_flow,variant,lambda
pour_probe_baselines,sow_both_lambda_raw_volume,alpha,100
pour_probe_baselines,sow_both_lambda_raw_volume,backbone,sound_of_water_wav2vec2
pour_probe_baselines,sow_both_lambda_raw_volume,cams,both
pour_probe_baselines,sow_both_lambda_raw_volume,feat_dim,3
pour_probe_baselines,sow_both_lambda_raw_volume,folds,trial4
pour_probe_baselines,sow_both_lambda_raw_volume,lag_s,0.0
pour_probe_baselines,sow_both_lambda_raw_volume,modality,audio
pour_probe_baselines,sow_both_lambda_raw_volume,n_windows,2170
pour_probe_baselines,sow_both_lambda_raw_volume,pool,raw
pour_probe_baselines,sow_both_lambda_raw_volume,protocol,frozen+ridge+4fold_by_trial
pour_probe_baselines,sow_both_lambda_raw_volume,target,volume
pour_probe_baselines,sow_both_lambda_raw_volume,variant,lambda
pour_probe_baselines,sow_both_wav2vec_mean_flow,alpha,100
pour_probe_baselines,sow_both_wav2vec_mean_flow,backbone,sound_of_water_wav2vec2
pour_probe_baselines,sow_both_wav2vec_mean_flow,cams,both
pour_probe_baselines,sow_both_wav2vec_mean_flow,feat_dim,768
pour_probe_baselines,sow_both_wav2vec_mean_flow,folds,trial4
pour_probe_baselines,sow_both_wav2vec_mean_flow,lag_s,0.7
pour_probe_baselines,sow_both_wav2vec_mean_flow,modality,audio
pour_probe_baselines,sow_both_wav2vec_mean_flow,n_windows,2170
pour_probe_baselines,sow_both_wav2vec_mean_flow,pool,mean
pour_probe_baselines,sow_both_wav2vec_mean_flow,protocol,frozen+ridge+4fold_by_trial
pour_probe_baselines,sow_both_wav2vec_mean_flow,target,flow
pour_probe_baselines,sow_both_wav2vec_mean_flow,variant,wav2vec
pour_probe_baselines,sow_both_wav2vec_mean_volume,alpha,100
pour_probe_baselines,sow_both_wav2vec_mean_volume,backbone,sound_of_water_wav2vec2
pour_probe_baselines,sow_both_wav2vec_mean_volume,cams,both
pour_probe_baselines,sow_both_wav2vec_mean_volume,feat_dim,768
pour_probe_baselines,sow_both_wav2vec_mean_volume,folds,trial4
pour_probe_baselines,sow_both_wav2vec_mean_volume,lag_s,0.0
pour_probe_baselines,sow_both_wav2vec_mean_volume,modality,audio
pour_probe_baselines,sow_both_wav2vec_mean_volume,n_windows,2170
pour_probe_baselines,sow_both_wav2vec_mean_volume,pool,mean
pour_probe_baselines,sow_both_wav2vec_mean_volume,protocol,frozen+ridge+4fold_by_trial
pour_probe_baselines,sow_both_wav2vec_mean_volume,target,volume
pour_probe_baselines,sow_both_wav2vec_mean_volume,variant,wav2vec
pour_probe_baselines,sow_both_wav2vec_meanstd_flow,alpha,1000.0
pour_probe_baselines,sow_both_wav2vec_meanstd_flow,backbone,sound_of_water_wav2vec2
pour_probe_baselines,sow_both_wav2vec_meanstd_flow,cams,both
pour_probe_baselines,sow_both_wav2vec_meanstd_flow,feat_dim,1536
pour_probe_baselines,sow_both_wav2vec_meanstd_flow,folds,trial4
pour_probe_baselines,sow_both_wav2vec_meanstd_flow,lag_s,0.7
pour_probe_baselines,sow_both_wav2vec_meanstd_flow,modality,audio
pour_probe_baselines,sow_both_wav2vec_meanstd_flow,n_windows,2170
pour_probe_baselines,sow_both_wav2vec_meanstd_flow,pool,meanstd
pour_probe_baselines,sow_both_wav2vec_meanstd_flow,protocol,frozen+ridge+4fold_by_trial
pour_probe_baselines,sow_both_wav2vec_meanstd_flow,target,flow
pour_probe_baselines,sow_both_wav2vec_meanstd_flow,variant,wav2vec
pour_probe_baselines,sow_both_wav2vec_meanstd_volume,alpha,100
pour_probe_baselines,sow_both_wav2vec_meanstd_volume,backbone,sound_of_water_wav2vec2
pour_probe_baselines,sow_both_wav2vec_meanstd_volume,cams,both
pour_probe_baselines,sow_both_wav2vec_meanstd_volume,feat_dim,1536
pour_probe_baselines,sow_both_wav2vec_meanstd_volume,folds,trial4
pour_probe_baselines,sow_both_wav2vec_meanstd_volume,lag_s,0.0
pour_probe_baselines,sow_both_wav2vec_meanstd_volume,modality,audio
pour_probe_baselines,sow_both_wav2vec_meanstd_volume,n_windows,2170
pour_probe_baselines,sow_both_wav2vec_meanstd_volume,pool,meanstd
pour_probe_baselines,sow_both_wav2vec_meanstd_volume,protocol,frozen+ridge+4fold_by_trial
pour_probe_baselines,sow_both_wav2vec_meanstd_volume,target,volume
pour_probe_baselines,sow_both_wav2vec_meanstd_volume,variant,wav2vec
pour_probe_clips,flow_CAM2,alpha,100.0
pour_probe_clips,flow_CAM2,alpha,100.0
pour_probe_clips,flow_CAM2,cam,CAM2
pour_probe_clips,flow_CAM2,cam,CAM2
pour_probe_clips,flow_CAM2,n_splits,6
pour_probe_clips,flow_CAM2,n_splits,6
pour_probe_clips,flow_CAM2,n_trials,18
pour_probe_clips,flow_CAM2,n_trials,18
pour_probe_clips,flow_CAM2,n_windows,1085
pour_probe_clips,flow_CAM2,n_windows,1085
pour_probe_clips,flow_CAM2,target,flow
pour_probe_clips,flow_CAM2,target,flow
pour_probe_clips,flow_CAM2,target_std_g,32.42171859741211
pour_probe_clips,flow_CAM2,target_std_g,32.42171859741211
pour_probe_clips,flow_both,alpha,100.0
pour_probe_clips,flow_both,cam,both
pour_probe_clips,flow_both,n_splits,6
pour_probe_clips,flow_both,n_trials,18
pour_probe_clips,flow_both,n_windows,2170
pour_probe_clips,flow_both,target,flow
pour_probe_clips,flow_both,target_std_g,32.42171859741211
pour_probe_clips,volume_CAM2,alpha,100.0
pour_probe_clips,volume_CAM2,alpha,100.0
pour_probe_clips,volume_CAM2,alpha,100.0
pour_probe_clips,volume_CAM2,cam,CAM2
pour_probe_clips,volume_CAM2,cam,CAM2
pour_probe_clips,volume_CAM2,cam,CAM2
pour_probe_clips,volume_CAM2,n_splits,6
pour_probe_clips,volume_CAM2,n_splits,6
pour_probe_clips,volume_CAM2,n_splits,6
pour_probe_clips,volume_CAM2,n_trials,18
pour_probe_clips,volume_CAM2,n_trials,18
pour_probe_clips,volume_CAM2,n_trials,18
pour_probe_clips,volume_CAM2,n_windows,1085
pour_probe_clips,volume_CAM2,n_windows,1085
pour_probe_clips,volume_CAM2,n_windows,1085
pour_probe_clips,volume_CAM2,target,volume
pour_probe_clips,volume_CAM2,target,volume
pour_probe_clips,volume_CAM2,target,volume
pour_probe_clips,volume_CAM2,target_std_g,89.13196563720703
pour_probe_clips,volume_CAM2,target_std_g,89.13196563720703
pour_probe_clips,volume_CAM2,target_std_g,89.13196563720703
pour_probe_clips,volume_both,alpha,100.0
pour_probe_clips,volume_both,cam,both
pour_probe_clips,volume_both,n_splits,6
pour_probe_clips,volume_both,n_trials,18
pour_probe_clips,volume_both,n_windows,2170
pour_probe_clips,volume_both,target,volume
pour_probe_clips,volume_both,target_std_g,89.13196563720703
pour_probe_clips_attn,attn_flow_CAM2,arch,AttentiveClassifier
pour_probe_clips_attn,attn_flow_CAM2,arch,AttentiveClassifier
pour_probe_clips_attn,attn_flow_CAM2,batch,16
pour_probe_clips_attn,attn_flow_CAM2,batch,16
pour_probe_clips_attn,attn_flow_CAM2,cam,CAM2
pour_probe_clips_attn,attn_flow_CAM2,cam,CAM2
pour_probe_clips_attn,attn_flow_CAM2,depth,4
pour_probe_clips_attn,attn_flow_CAM2,depth,4
pour_probe_clips_attn,attn_flow_CAM2,embed_dim,1024
pour_probe_clips_attn,attn_flow_CAM2,embed_dim,1024
pour_probe_clips_attn,attn_flow_CAM2,heads,16
pour_probe_clips_attn,attn_flow_CAM2,heads,16
pour_probe_clips_attn,attn_flow_CAM2,lr,0.001
pour_probe_clips_attn,attn_flow_CAM2,lr,0.001
pour_probe_clips_attn,attn_flow_CAM2,minutes,2.0
pour_probe_clips_attn,attn_flow_CAM2,minutes,60.0
pour_probe_clips_attn,attn_flow_CAM2,n_train_win,818
pour_probe_clips_attn,attn_flow_CAM2,n_train_win,818
pour_probe_clips_attn,attn_flow_CAM2,n_val_win,267
pour_probe_clips_attn,attn_flow_CAM2,n_val_win,267
pour_probe_clips_attn,attn_flow_CAM2,num_frames,16
pour_probe_clips_attn,attn_flow_CAM2,num_frames,16
pour_probe_clips_attn,attn_flow_CAM2,stride_s,0.5
pour_probe_clips_attn,attn_flow_CAM2,stride_s,0.5
pour_probe_clips_attn,attn_flow_CAM2,target,flow
pour_probe_clips_attn,attn_flow_CAM2,target,flow
pour_probe_clips_attn,attn_flow_CAM2,val_trials,"13,21,24,8"
pour_probe_clips_attn,attn_flow_CAM2,val_trials,"13,21,24,8"
pour_probe_clips_attn,attn_flow_CAM2,warmstart_ek100,True
pour_probe_clips_attn,attn_flow_CAM2,warmstart_ek100,True
pour_probe_clips_attn,attn_flow_CAM2,weight_decay,0.05
pour_probe_clips_attn,attn_flow_CAM2,weight_decay,0.05
pour_probe_clips_attn,attn_flow_CAM2,window_s,1.0
pour_probe_clips_attn,attn_flow_CAM2,window_s,1.0
pour_probe_clips_attn,attn_flow_CAM2_lag0.7,arch,AttentiveClassifier
pour_probe_clips_attn,attn_flow_CAM2_lag0.7,batch,16
pour_probe_clips_attn,attn_flow_CAM2_lag0.7,cam,CAM2
pour_probe_clips_attn,attn_flow_CAM2_lag0.7,dataset,clips
pour_probe_clips_attn,attn_flow_CAM2_lag0.7,depth,4
pour_probe_clips_attn,attn_flow_CAM2_lag0.7,embed_dim,1024
pour_probe_clips_attn,attn_flow_CAM2_lag0.7,fold,
pour_probe_clips_attn,attn_flow_CAM2_lag0.7,heads,16
pour_probe_clips_attn,attn_flow_CAM2_lag0.7,lag_s,0.7
pour_probe_clips_attn,attn_flow_CAM2_lag0.7,loss,smoothl1
pour_probe_clips_attn,attn_flow_CAM2_lag0.7,lr,0.001
pour_probe_clips_attn,attn_flow_CAM2_lag0.7,minutes,80.0
pour_probe_clips_attn,attn_flow_CAM2_lag0.7,n_train_win,818
pour_probe_clips_attn,attn_flow_CAM2_lag0.7,n_val_win,267
pour_probe_clips_attn,attn_flow_CAM2_lag0.7,num_frames,16
pour_probe_clips_attn,attn_flow_CAM2_lag0.7,stride_s,0.5
pour_probe_clips_attn,attn_flow_CAM2_lag0.7,subset,
pour_probe_clips_attn,attn_flow_CAM2_lag0.7,target,flow
pour_probe_clips_attn,attn_flow_CAM2_lag0.7,val_trials,"13,21,24,8"
pour_probe_clips_attn,attn_flow_CAM2_lag0.7,warmstart_ek100,True
pour_probe_clips_attn,attn_flow_CAM2_lag0.7,weight_decay,0.05
pour_probe_clips_attn,attn_flow_CAM2_lag0.7,window_s,1.0
pour_probe_clips_attn,attn_flow_CAM2_lag0.7_foldB,arch,AttentiveClassifier
pour_probe_clips_attn,attn_flow_CAM2_lag0.7_foldB,batch,16
pour_probe_clips_attn,attn_flow_CAM2_lag0.7_foldB,cam,CAM2
pour_probe_clips_attn,attn_flow_CAM2_lag0.7_foldB,dataset,clips
pour_probe_clips_attn,attn_flow_CAM2_lag0.7_foldB,depth,4
pour_probe_clips_attn,attn_flow_CAM2_lag0.7_foldB,embed_dim,1024
pour_probe_clips_attn,attn_flow_CAM2_lag0.7_foldB,fold,foldB
pour_probe_clips_attn,attn_flow_CAM2_lag0.7_foldB,heads,16
pour_probe_clips_attn,attn_flow_CAM2_lag0.7_foldB,lag_s,0.7
pour_probe_clips_attn,attn_flow_CAM2_lag0.7_foldB,loss,smoothl1
pour_probe_clips_attn,attn_flow_CAM2_lag0.7_foldB,lr,0.001
pour_probe_clips_attn,attn_flow_CAM2_lag0.7_foldB,minutes,80.0
pour_probe_clips_attn,attn_flow_CAM2_lag0.7_foldB,n_train_win,807
pour_probe_clips_attn,attn_flow_CAM2_lag0.7_foldB,n_val_win,278
pour_probe_clips_attn,attn_flow_CAM2_lag0.7_foldB,num_frames,16
pour_probe_clips_attn,attn_flow_CAM2_lag0.7_foldB,stride_s,0.5
pour_probe_clips_attn,attn_flow_CAM2_lag0.7_foldB,subset,
pour_probe_clips_attn,attn_flow_CAM2_lag0.7_foldB,target,flow
pour_probe_clips_attn,attn_flow_CAM2_lag0.7_foldB,val_trials,"11,12,7,9"
pour_probe_clips_attn,attn_flow_CAM2_lag0.7_foldB,warmstart_ek100,True
pour_probe_clips_attn,attn_flow_CAM2_lag0.7_foldB,weight_decay,0.05
pour_probe_clips_attn,attn_flow_CAM2_lag0.7_foldB,window_s,1.0
pour_probe_clips_attn,attn_flow_CAM2_lag0.7_foldB_roi,arch,AttentiveClassifier
pour_probe_clips_attn,attn_flow_CAM2_lag0.7_foldB_roi,batch,16
pour_probe_clips_attn,attn_flow_CAM2_lag0.7_foldB_roi,cam,CAM2
pour_probe_clips_attn,attn_flow_CAM2_lag0.7_foldB_roi,dataset,clips
pour_probe_clips_attn,attn_flow_CAM2_lag0.7_foldB_roi,depth,4
pour_probe_clips_attn,attn_flow_CAM2_lag0.7_foldB_roi,embed_dim,1024
pour_probe_clips_attn,attn_flow_CAM2_lag0.7_foldB_roi,fold,foldB
pour_probe_clips_attn,attn_flow_CAM2_lag0.7_foldB_roi,heads,16
pour_probe_clips_attn,attn_flow_CAM2_lag0.7_foldB_roi,lag_s,0.7
pour_probe_clips_attn,attn_flow_CAM2_lag0.7_foldB_roi,loss,smoothl1
pour_probe_clips_attn,attn_flow_CAM2_lag0.7_foldB_roi,lr,0.001
pour_probe_clips_attn,attn_flow_CAM2_lag0.7_foldB_roi,minutes,80.0
pour_probe_clips_attn,attn_flow_CAM2_lag0.7_foldB_roi,n_train_win,807
pour_probe_clips_attn,attn_flow_CAM2_lag0.7_foldB_roi,n_val_win,278
pour_probe_clips_attn,attn_flow_CAM2_lag0.7_foldB_roi,num_frames,16
pour_probe_clips_attn,attn_flow_CAM2_lag0.7_foldB_roi,stride_s,0.5
pour_probe_clips_attn,attn_flow_CAM2_lag0.7_foldB_roi,subset,
pour_probe_clips_attn,attn_flow_CAM2_lag0.7_foldB_roi,target,flow
pour_probe_clips_attn,attn_flow_CAM2_lag0.7_foldB_roi,val_trials,"11,12,7,9"
pour_probe_clips_attn,attn_flow_CAM2_lag0.7_foldB_roi,warmstart_ek100,True
pour_probe_clips_attn,attn_flow_CAM2_lag0.7_foldB_roi,weight_decay,0.05
pour_probe_clips_attn,attn_flow_CAM2_lag0.7_foldB_roi,window_s,1.0
pour_probe_clips_attn,attn_flow_CAM2_lag0.7_foldC,arch,AttentiveClassifier
pour_probe_clips_attn,attn_flow_CAM2_lag0.7_foldC,batch,16
pour_probe_clips_attn,attn_flow_CAM2_lag0.7_foldC,cam,CAM2
pour_probe_clips_attn,attn_flow_CAM2_lag0.7_foldC,dataset,clips
pour_probe_clips_attn,attn_flow_CAM2_lag0.7_foldC,depth,4
pour_probe_clips_attn,attn_flow_CAM2_lag0.7_foldC,embed_dim,1024
pour_probe_clips_attn,attn_flow_CAM2_lag0.7_foldC,fold,foldC
pour_probe_clips_attn,attn_flow_CAM2_lag0.7_foldC,heads,16
pour_probe_clips_attn,attn_flow_CAM2_lag0.7_foldC,lag_s,0.7
pour_probe_clips_attn,attn_flow_CAM2_lag0.7_foldC,loss,smoothl1
pour_probe_clips_attn,attn_flow_CAM2_lag0.7_foldC,lr,0.001
pour_probe_clips_attn,attn_flow_CAM2_lag0.7_foldC,minutes,80.0
pour_probe_clips_attn,attn_flow_CAM2_lag0.7_foldC,n_train_win,783
pour_probe_clips_attn,attn_flow_CAM2_lag0.7_foldC,n_val_win,302
pour_probe_clips_attn,attn_flow_CAM2_lag0.7_foldC,num_frames,16
pour_probe_clips_attn,attn_flow_CAM2_lag0.7_foldC,stride_s,0.5
pour_probe_clips_attn,attn_flow_CAM2_lag0.7_foldC,subset,
pour_probe_clips_attn,attn_flow_CAM2_lag0.7_foldC,target,flow
pour_probe_clips_attn,attn_flow_CAM2_lag0.7_foldC,val_trials,"15,16,25,26,5"
pour_probe_clips_attn,attn_flow_CAM2_lag0.7_foldC,warmstart_ek100,True
pour_probe_clips_attn,attn_flow_CAM2_lag0.7_foldC,weight_decay,0.05
pour_probe_clips_attn,attn_flow_CAM2_lag0.7_foldC,window_s,1.0
pour_probe_clips_attn,attn_flow_CAM2_lag0.7_foldC_roi,arch,AttentiveClassifier
pour_probe_clips_attn,attn_flow_CAM2_lag0.7_foldC_roi,batch,16
pour_probe_clips_attn,attn_flow_CAM2_lag0.7_foldC_roi,cam,CAM2
pour_probe_clips_attn,attn_flow_CAM2_lag0.7_foldC_roi,dataset,clips
pour_probe_clips_attn,attn_flow_CAM2_lag0.7_foldC_roi,depth,4
pour_probe_clips_attn,attn_flow_CAM2_lag0.7_foldC_roi,embed_dim,1024
pour_probe_clips_attn,attn_flow_CAM2_lag0.7_foldC_roi,fold,foldC
pour_probe_clips_attn,attn_flow_CAM2_lag0.7_foldC_roi,heads,16
pour_probe_clips_attn,attn_flow_CAM2_lag0.7_foldC_roi,lag_s,0.7
pour_probe_clips_attn,attn_flow_CAM2_lag0.7_foldC_roi,loss,smoothl1
pour_probe_clips_attn,attn_flow_CAM2_lag0.7_foldC_roi,lr,0.001
pour_probe_clips_attn,attn_flow_CAM2_lag0.7_foldC_roi,minutes,80.0
pour_probe_clips_attn,attn_flow_CAM2_lag0.7_foldC_roi,n_train_win,783
pour_probe_clips_attn,attn_flow_CAM2_lag0.7_foldC_roi,n_val_win,302
pour_probe_clips_attn,attn_flow_CAM2_lag0.7_foldC_roi,num_frames,16
pour_probe_clips_attn,attn_flow_CAM2_lag0.7_foldC_roi,stride_s,0.5
pour_probe_clips_attn,attn_flow_CAM2_lag0.7_foldC_roi,subset,
pour_probe_clips_attn,attn_flow_CAM2_lag0.7_foldC_roi,target,flow
pour_probe_clips_attn,attn_flow_CAM2_lag0.7_foldC_roi,val_trials,"15,16,25,26,5"
pour_probe_clips_attn,attn_flow_CAM2_lag0.7_foldC_roi,warmstart_ek100,True
pour_probe_clips_attn,attn_flow_CAM2_lag0.7_foldC_roi,weight_decay,0.05
pour_probe_clips_attn,attn_flow_CAM2_lag0.7_foldC_roi,window_s,1.0
pour_probe_clips_attn,attn_flow_CAM2_lag0.7_roi,arch,AttentiveClassifier
pour_probe_clips_attn,attn_flow_CAM2_lag0.7_roi,batch,16
pour_probe_clips_attn,attn_flow_CAM2_lag0.7_roi,cam,CAM2
pour_probe_clips_attn,attn_flow_CAM2_lag0.7_roi,dataset,clips
pour_probe_clips_attn,attn_flow_CAM2_lag0.7_roi,depth,4
pour_probe_clips_attn,attn_flow_CAM2_lag0.7_roi,embed_dim,1024
pour_probe_clips_attn,attn_flow_CAM2_lag0.7_roi,fold,
pour_probe_clips_attn,attn_flow_CAM2_lag0.7_roi,heads,16
pour_probe_clips_attn,attn_flow_CAM2_lag0.7_roi,lag_s,0.7
pour_probe_clips_attn,attn_flow_CAM2_lag0.7_roi,loss,smoothl1
pour_probe_clips_attn,attn_flow_CAM2_lag0.7_roi,lr,0.001
pour_probe_clips_attn,attn_flow_CAM2_lag0.7_roi,minutes,80.0
pour_probe_clips_attn,attn_flow_CAM2_lag0.7_roi,n_train_win,818
pour_probe_clips_attn,attn_flow_CAM2_lag0.7_roi,n_val_win,267
pour_probe_clips_attn,attn_flow_CAM2_lag0.7_roi,num_frames,16
pour_probe_clips_attn,attn_flow_CAM2_lag0.7_roi,stride_s,0.5
pour_probe_clips_attn,attn_flow_CAM2_lag0.7_roi,subset,
pour_probe_clips_attn,attn_flow_CAM2_lag0.7_roi,target,flow
pour_probe_clips_attn,attn_flow_CAM2_lag0.7_roi,val_trials,"13,21,24,8"
pour_probe_clips_attn,attn_flow_CAM2_lag0.7_roi,warmstart_ek100,True
pour_probe_clips_attn,attn_flow_CAM2_lag0.7_roi,weight_decay,0.05
pour_probe_clips_attn,attn_flow_CAM2_lag0.7_roi,window_s,1.0
pour_probe_clips_attn,attn_flow_CAM2_roi,arch,AttentiveClassifier
pour_probe_clips_attn,attn_flow_CAM2_roi,batch,16
pour_probe_clips_attn,attn_flow_CAM2_roi,cam,CAM2
pour_probe_clips_attn,attn_flow_CAM2_roi,dataset,clips
pour_probe_clips_attn,attn_flow_CAM2_roi,depth,4
pour_probe_clips_attn,attn_flow_CAM2_roi,embed_dim,1024
pour_probe_clips_attn,attn_flow_CAM2_roi,fold,
pour_probe_clips_attn,attn_flow_CAM2_roi,heads,16
pour_probe_clips_attn,attn_flow_CAM2_roi,lag_s,0.0
pour_probe_clips_attn,attn_flow_CAM2_roi,loss,smoothl1
pour_probe_clips_attn,attn_flow_CAM2_roi,lr,0.001
pour_probe_clips_attn,attn_flow_CAM2_roi,minutes,60.0
pour_probe_clips_attn,attn_flow_CAM2_roi,n_train_win,818
pour_probe_clips_attn,attn_flow_CAM2_roi,n_val_win,267
pour_probe_clips_attn,attn_flow_CAM2_roi,num_frames,16
pour_probe_clips_attn,attn_flow_CAM2_roi,stride_s,0.5
pour_probe_clips_attn,attn_flow_CAM2_roi,subset,
pour_probe_clips_attn,attn_flow_CAM2_roi,target,flow
pour_probe_clips_attn,attn_flow_CAM2_roi,val_trials,"13,21,24,8"
pour_probe_clips_attn,attn_flow_CAM2_roi,warmstart_ek100,True
pour_probe_clips_attn,attn_flow_CAM2_roi,weight_decay,0.05
pour_probe_clips_attn,attn_flow_CAM2_roi,window_s,1.0
pour_probe_clips_attn,attn_flow_CAM3,arch,AttentiveClassifier
pour_probe_clips_attn,attn_flow_CAM3,batch,16
pour_probe_clips_attn,attn_flow_CAM3,cam,CAM3
pour_probe_clips_attn,attn_flow_CAM3,depth,4
pour_probe_clips_attn,attn_flow_CAM3,embed_dim,1024
pour_probe_clips_attn,attn_flow_CAM3,heads,16
pour_probe_clips_attn,attn_flow_CAM3,lr,0.001
pour_probe_clips_attn,attn_flow_CAM3,minutes,60.0
pour_probe_clips_attn,attn_flow_CAM3,n_train_win,818
pour_probe_clips_attn,attn_flow_CAM3,n_val_win,267
pour_probe_clips_attn,attn_flow_CAM3,num_frames,16
pour_probe_clips_attn,attn_flow_CAM3,stride_s,0.5
pour_probe_clips_attn,attn_flow_CAM3,target,flow
pour_probe_clips_attn,attn_flow_CAM3,val_trials,"13,21,24,8"
pour_probe_clips_attn,attn_flow_CAM3,warmstart_ek100,True
pour_probe_clips_attn,attn_flow_CAM3,weight_decay,0.05
pour_probe_clips_attn,attn_flow_CAM3,window_s,1.0
pour_probe_clips_attn,attn_flow_both,arch,AttentiveClassifier
pour_probe_clips_attn,attn_flow_both,batch,16
pour_probe_clips_attn,attn_flow_both,cam,both
pour_probe_clips_attn,attn_flow_both,depth,4
pour_probe_clips_attn,attn_flow_both,embed_dim,1024
pour_probe_clips_attn,attn_flow_both,heads,16
pour_probe_clips_attn,attn_flow_both,lr,0.001
pour_probe_clips_attn,attn_flow_both,minutes,60.0
pour_probe_clips_attn,attn_flow_both,n_train_win,1636
pour_probe_clips_attn,attn_flow_both,n_val_win,534
pour_probe_clips_attn,attn_flow_both,num_frames,16
pour_probe_clips_attn,attn_flow_both,stride_s,0.5
pour_probe_clips_attn,attn_flow_both,target,flow
pour_probe_clips_attn,attn_flow_both,val_trials,"13,21,24,8"
pour_probe_clips_attn,attn_flow_both,warmstart_ek100,True
pour_probe_clips_attn,attn_flow_both,weight_decay,0.05
pour_probe_clips_attn,attn_flow_both,window_s,1.0
pour_probe_clips_attn,attn_flow_both_lag0.7,arch,AttentiveClassifier
pour_probe_clips_attn,attn_flow_both_lag0.7,arch,AttentiveClassifier
pour_probe_clips_attn,attn_flow_both_lag0.7,arch,AttentiveClassifier
pour_probe_clips_attn,attn_flow_both_lag0.7,arch,AttentiveClassifier
pour_probe_clips_attn,attn_flow_both_lag0.7,batch,16
pour_probe_clips_attn,attn_flow_both_lag0.7,batch,16
pour_probe_clips_attn,attn_flow_both_lag0.7,batch,16
pour_probe_clips_attn,attn_flow_both_lag0.7,batch,16
pour_probe_clips_attn,attn_flow_both_lag0.7,cam,both
pour_probe_clips_attn,attn_flow_both_lag0.7,cam,both
pour_probe_clips_attn,attn_flow_both_lag0.7,cam,both
pour_probe_clips_attn,attn_flow_both_lag0.7,cam,both
pour_probe_clips_attn,attn_flow_both_lag0.7,depth,4
pour_probe_clips_attn,attn_flow_both_lag0.7,depth,4
pour_probe_clips_attn,attn_flow_both_lag0.7,depth,4
pour_probe_clips_attn,attn_flow_both_lag0.7,depth,4
pour_probe_clips_attn,attn_flow_both_lag0.7,embed_dim,1024
pour_probe_clips_attn,attn_flow_both_lag0.7,embed_dim,1024
pour_probe_clips_attn,attn_flow_both_lag0.7,embed_dim,1024
pour_probe_clips_attn,attn_flow_both_lag0.7,embed_dim,1024
pour_probe_clips_attn,attn_flow_both_lag0.7,heads,16
pour_probe_clips_attn,attn_flow_both_lag0.7,heads,16
pour_probe_clips_attn,attn_flow_both_lag0.7,heads,16
pour_probe_clips_attn,attn_flow_both_lag0.7,heads,16
pour_probe_clips_attn,attn_flow_both_lag0.7,lag_s,0.7
pour_probe_clips_attn,attn_flow_both_lag0.7,lag_s,0.7
pour_probe_clips_attn,attn_flow_both_lag0.7,lag_s,0.7
pour_probe_clips_attn,attn_flow_both_lag0.7,lag_s,0.7
pour_probe_clips_attn,attn_flow_both_lag0.7,lr,0.001
pour_probe_clips_attn,attn_flow_both_lag0.7,lr,0.001
pour_probe_clips_attn,attn_flow_both_lag0.7,lr,0.001
pour_probe_clips_attn,attn_flow_both_lag0.7,lr,0.001
pour_probe_clips_attn,attn_flow_both_lag0.7,minutes,90.0
pour_probe_clips_attn,attn_flow_both_lag0.7,minutes,90.0
pour_probe_clips_attn,attn_flow_both_lag0.7,minutes,90.0
pour_probe_clips_attn,attn_flow_both_lag0.7,minutes,180.0
pour_probe_clips_attn,attn_flow_both_lag0.7,n_train_win,1636
pour_probe_clips_attn,attn_flow_both_lag0.7,n_train_win,1636
pour_probe_clips_attn,attn_flow_both_lag0.7,n_train_win,1636
pour_probe_clips_attn,attn_flow_both_lag0.7,n_train_win,1636
pour_probe_clips_attn,attn_flow_both_lag0.7,n_val_win,534
pour_probe_clips_attn,attn_flow_both_lag0.7,n_val_win,534
pour_probe_clips_attn,attn_flow_both_lag0.7,n_val_win,534
pour_probe_clips_attn,attn_flow_both_lag0.7,n_val_win,534
pour_probe_clips_attn,attn_flow_both_lag0.7,num_frames,16
pour_probe_clips_attn,attn_flow_both_lag0.7,num_frames,16
pour_probe_clips_attn,attn_flow_both_lag0.7,num_frames,16
pour_probe_clips_attn,attn_flow_both_lag0.7,num_frames,16
pour_probe_clips_attn,attn_flow_both_lag0.7,stride_s,0.5
pour_probe_clips_attn,attn_flow_both_lag0.7,stride_s,0.5
pour_probe_clips_attn,attn_flow_both_lag0.7,stride_s,0.5
pour_probe_clips_attn,attn_flow_both_lag0.7,stride_s,0.5
pour_probe_clips_attn,attn_flow_both_lag0.7,target,flow
pour_probe_clips_attn,attn_flow_both_lag0.7,target,flow
pour_probe_clips_attn,attn_flow_both_lag0.7,target,flow
pour_probe_clips_attn,attn_flow_both_lag0.7,target,flow
pour_probe_clips_attn,attn_flow_both_lag0.7,val_trials,"13,21,24,8"
pour_probe_clips_attn,attn_flow_both_lag0.7,val_trials,"13,21,24,8"
pour_probe_clips_attn,attn_flow_both_lag0.7,val_trials,"13,21,24,8"
pour_probe_clips_attn,attn_flow_both_lag0.7,val_trials,"13,21,24,8"
pour_probe_clips_attn,attn_flow_both_lag0.7,warmstart_ek100,True
pour_probe_clips_attn,attn_flow_both_lag0.7,warmstart_ek100,True
pour_probe_clips_attn,attn_flow_both_lag0.7,warmstart_ek100,True
pour_probe_clips_attn,attn_flow_both_lag0.7,warmstart_ek100,True
pour_probe_clips_attn,attn_flow_both_lag0.7,weight_decay,0.05
pour_probe_clips_attn,attn_flow_both_lag0.7,weight_decay,0.05
pour_probe_clips_attn,attn_flow_both_lag0.7,weight_decay,0.05
pour_probe_clips_attn,attn_flow_both_lag0.7,weight_decay,0.05
pour_probe_clips_attn,attn_flow_both_lag0.7,window_s,1.0
pour_probe_clips_attn,attn_flow_both_lag0.7,window_s,1.0
pour_probe_clips_attn,attn_flow_both_lag0.7,window_s,1.0
pour_probe_clips_attn,attn_flow_both_lag0.7,window_s,1.0
pour_probe_clips_attn,attn_flow_both_lag0.7_foldA,arch,AttentiveClassifier
pour_probe_clips_attn,attn_flow_both_lag0.7_foldA,batch,16
pour_probe_clips_attn,attn_flow_both_lag0.7_foldA,cam,both
pour_probe_clips_attn,attn_flow_both_lag0.7_foldA,depth,4
pour_probe_clips_attn,attn_flow_both_lag0.7_foldA,embed_dim,1024
pour_probe_clips_attn,attn_flow_both_lag0.7_foldA,fold,foldA
pour_probe_clips_attn,attn_flow_both_lag0.7_foldA,heads,16
pour_probe_clips_attn,attn_flow_both_lag0.7_foldA,lag_s,0.7
pour_probe_clips_attn,attn_flow_both_lag0.7_foldA,loss,smoothl1
pour_probe_clips_attn,attn_flow_both_lag0.7_foldA,lr,0.001
pour_probe_clips_attn,attn_flow_both_lag0.7_foldA,minutes,80.0
pour_probe_clips_attn,attn_flow_both_lag0.7_foldA,n_train_win,1636
pour_probe_clips_attn,attn_flow_both_lag0.7_foldA,n_val_win,534
pour_probe_clips_attn,attn_flow_both_lag0.7_foldA,num_frames,16
pour_probe_clips_attn,attn_flow_both_lag0.7_foldA,stride_s,0.5
pour_probe_clips_attn,attn_flow_both_lag0.7_foldA,target,flow
pour_probe_clips_attn,attn_flow_both_lag0.7_foldA,val_trials,"13,21,24,8"
pour_probe_clips_attn,attn_flow_both_lag0.7_foldA,warmstart_ek100,True
pour_probe_clips_attn,attn_flow_both_lag0.7_foldA,weight_decay,0.05
pour_probe_clips_attn,attn_flow_both_lag0.7_foldA,window_s,1.0
pour_probe_clips_attn,attn_flow_both_lag0.7_foldB,arch,AttentiveClassifier
pour_probe_clips_attn,attn_flow_both_lag0.7_foldB,batch,16
pour_probe_clips_attn,attn_flow_both_lag0.7_foldB,cam,both
pour_probe_clips_attn,attn_flow_both_lag0.7_foldB,depth,4
pour_probe_clips_attn,attn_flow_both_lag0.7_foldB,embed_dim,1024
pour_probe_clips_attn,attn_flow_both_lag0.7_foldB,fold,foldB
pour_probe_clips_attn,attn_flow_both_lag0.7_foldB,heads,16
pour_probe_clips_attn,attn_flow_both_lag0.7_foldB,lag_s,0.7
pour_probe_clips_attn,attn_flow_both_lag0.7_foldB,loss,smoothl1
pour_probe_clips_attn,attn_flow_both_lag0.7_foldB,lr,0.001
pour_probe_clips_attn,attn_flow_both_lag0.7_foldB,minutes,80.0
pour_probe_clips_attn,attn_flow_both_lag0.7_foldB,n_train_win,1614
pour_probe_clips_attn,attn_flow_both_lag0.7_foldB,n_val_win,556
pour_probe_clips_attn,attn_flow_both_lag0.7_foldB,num_frames,16
pour_probe_clips_attn,attn_flow_both_lag0.7_foldB,stride_s,0.5
pour_probe_clips_attn,attn_flow_both_lag0.7_foldB,target,flow
pour_probe_clips_attn,attn_flow_both_lag0.7_foldB,val_trials,"11,12,7,9"
pour_probe_clips_attn,attn_flow_both_lag0.7_foldB,warmstart_ek100,True
pour_probe_clips_attn,attn_flow_both_lag0.7_foldB,weight_decay,0.05
pour_probe_clips_attn,attn_flow_both_lag0.7_foldB,window_s,1.0
pour_probe_clips_attn,attn_flow_both_lag0.7_foldC,arch,AttentiveClassifier
pour_probe_clips_attn,attn_flow_both_lag0.7_foldC,batch,16
pour_probe_clips_attn,attn_flow_both_lag0.7_foldC,cam,both
pour_probe_clips_attn,attn_flow_both_lag0.7_foldC,depth,4
pour_probe_clips_attn,attn_flow_both_lag0.7_foldC,embed_dim,1024
pour_probe_clips_attn,attn_flow_both_lag0.7_foldC,fold,foldC
pour_probe_clips_attn,attn_flow_both_lag0.7_foldC,heads,16
pour_probe_clips_attn,attn_flow_both_lag0.7_foldC,lag_s,0.7
pour_probe_clips_attn,attn_flow_both_lag0.7_foldC,loss,smoothl1
pour_probe_clips_attn,attn_flow_both_lag0.7_foldC,lr,0.001
pour_probe_clips_attn,attn_flow_both_lag0.7_foldC,minutes,80.0
pour_probe_clips_attn,attn_flow_both_lag0.7_foldC,n_train_win,1566
pour_probe_clips_attn,attn_flow_both_lag0.7_foldC,n_val_win,604
pour_probe_clips_attn,attn_flow_both_lag0.7_foldC,num_frames,16
pour_probe_clips_attn,attn_flow_both_lag0.7_foldC,stride_s,0.5
pour_probe_clips_attn,attn_flow_both_lag0.7_foldC,target,flow
pour_probe_clips_attn,attn_flow_both_lag0.7_foldC,val_trials,"15,16,25,26,5"
pour_probe_clips_attn,attn_flow_both_lag0.7_foldC,warmstart_ek100,True
pour_probe_clips_attn,attn_flow_both_lag0.7_foldC,weight_decay,0.05
pour_probe_clips_attn,attn_flow_both_lag0.7_foldC,window_s,1.0
pour_probe_clips_attn,attn_flow_both_lag0.7_foldD,arch,AttentiveClassifier
pour_probe_clips_attn,attn_flow_both_lag0.7_foldD,batch,16
pour_probe_clips_attn,attn_flow_both_lag0.7_foldD,cam,both
pour_probe_clips_attn,attn_flow_both_lag0.7_foldD,depth,4
pour_probe_clips_attn,attn_flow_both_lag0.7_foldD,embed_dim,1024
pour_probe_clips_attn,attn_flow_both_lag0.7_foldD,fold,foldD
pour_probe_clips_attn,attn_flow_both_lag0.7_foldD,heads,16
pour_probe_clips_attn,attn_flow_both_lag0.7_foldD,lag_s,0.7
pour_probe_clips_attn,attn_flow_both_lag0.7_foldD,loss,smoothl1
pour_probe_clips_attn,attn_flow_both_lag0.7_foldD,lr,0.001
pour_probe_clips_attn,attn_flow_both_lag0.7_foldD,minutes,80.0
pour_probe_clips_attn,attn_flow_both_lag0.7_foldD,n_train_win,1694
pour_probe_clips_attn,attn_flow_both_lag0.7_foldD,n_val_win,476
pour_probe_clips_attn,attn_flow_both_lag0.7_foldD,num_frames,16
pour_probe_clips_attn,attn_flow_both_lag0.7_foldD,stride_s,0.5
pour_probe_clips_attn,attn_flow_both_lag0.7_foldD,target,flow
pour_probe_clips_attn,attn_flow_both_lag0.7_foldD,val_trials,"17,18,20,22,27"
pour_probe_clips_attn,attn_flow_both_lag0.7_foldD,warmstart_ek100,True
pour_probe_clips_attn,attn_flow_both_lag0.7_foldD,weight_decay,0.05
pour_probe_clips_attn,attn_flow_both_lag0.7_foldD,window_s,1.0
pour_probe_clips_attn,attn_flow_both_lag0.7_fromSoW,arch,AttentiveClassifier
pour_probe_clips_attn,attn_flow_both_lag0.7_fromSoW,batch,16
pour_probe_clips_attn,attn_flow_both_lag0.7_fromSoW,cam,both
pour_probe_clips_attn,attn_flow_both_lag0.7_fromSoW,dataset,clips
pour_probe_clips_attn,attn_flow_both_lag0.7_fromSoW,depth,4
pour_probe_clips_attn,attn_flow_both_lag0.7_fromSoW,embed_dim,1024
pour_probe_clips_attn,attn_flow_both_lag0.7_fromSoW,fold,
pour_probe_clips_attn,attn_flow_both_lag0.7_fromSoW,heads,16
pour_probe_clips_attn,attn_flow_both_lag0.7_fromSoW,lag_s,0.7
pour_probe_clips_attn,attn_flow_both_lag0.7_fromSoW,loss,smoothl1
pour_probe_clips_attn,attn_flow_both_lag0.7_fromSoW,lr,0.001
pour_probe_clips_attn,attn_flow_both_lag0.7_fromSoW,minutes,90.0
pour_probe_clips_attn,attn_flow_both_lag0.7_fromSoW,n_train_win,1636
pour_probe_clips_attn,attn_flow_both_lag0.7_fromSoW,n_val_win,534
pour_probe_clips_attn,attn_flow_both_lag0.7_fromSoW,num_frames,16
pour_probe_clips_attn,attn_flow_both_lag0.7_fromSoW,stride_s,0.5
pour_probe_clips_attn,attn_flow_both_lag0.7_fromSoW,subset,
pour_probe_clips_attn,attn_flow_both_lag0.7_fromSoW,target,flow
pour_probe_clips_attn,attn_flow_both_lag0.7_fromSoW,val_trials,"13,21,24,8"
pour_probe_clips_attn,attn_flow_both_lag0.7_fromSoW,warmstart_ek100,True
pour_probe_clips_attn,attn_flow_both_lag0.7_fromSoW,weight_decay,0.05
pour_probe_clips_attn,attn_flow_both_lag0.7_fromSoW,window_s,1.0
pour_probe_clips_attn,attn_flow_both_lag0.7_mse,arch,AttentiveClassifier
pour_probe_clips_attn,attn_flow_both_lag0.7_mse,batch,16
pour_probe_clips_attn,attn_flow_both_lag0.7_mse,cam,both
pour_probe_clips_attn,attn_flow_both_lag0.7_mse,depth,4
pour_probe_clips_attn,attn_flow_both_lag0.7_mse,embed_dim,1024
pour_probe_clips_attn,attn_flow_both_lag0.7_mse,heads,16
pour_probe_clips_attn,attn_flow_both_lag0.7_mse,lag_s,0.7
pour_probe_clips_attn,attn_flow_both_lag0.7_mse,loss,mse
pour_probe_clips_attn,attn_flow_both_lag0.7_mse,lr,0.001
pour_probe_clips_attn,attn_flow_both_lag0.7_mse,minutes,120.0
pour_probe_clips_attn,attn_flow_both_lag0.7_mse,n_train_win,1636
pour_probe_clips_attn,attn_flow_both_lag0.7_mse,n_val_win,534
pour_probe_clips_attn,attn_flow_both_lag0.7_mse,num_frames,16
pour_probe_clips_attn,attn_flow_both_lag0.7_mse,stride_s,0.5
pour_probe_clips_attn,attn_flow_both_lag0.7_mse,target,flow
pour_probe_clips_attn,attn_flow_both_lag0.7_mse,val_trials,"13,21,24,8"
pour_probe_clips_attn,attn_flow_both_lag0.7_mse,warmstart_ek100,True
pour_probe_clips_attn,attn_flow_both_lag0.7_mse,weight_decay,0.01
pour_probe_clips_attn,attn_flow_both_lag0.7_mse,window_s,1.0
pour_probe_clips_attn,attn_flow_both_lag0.7_mse_noWS,arch,AttentiveClassifier
pour_probe_clips_attn,attn_flow_both_lag0.7_mse_noWS,batch,16
pour_probe_clips_attn,attn_flow_both_lag0.7_mse_noWS,cam,both
pour_probe_clips_attn,attn_flow_both_lag0.7_mse_noWS,depth,4
pour_probe_clips_attn,attn_flow_both_lag0.7_mse_noWS,embed_dim,1024
pour_probe_clips_attn,attn_flow_both_lag0.7_mse_noWS,heads,16
pour_probe_clips_attn,attn_flow_both_lag0.7_mse_noWS,lag_s,0.7
pour_probe_clips_attn,attn_flow_both_lag0.7_mse_noWS,loss,mse
pour_probe_clips_attn,attn_flow_both_lag0.7_mse_noWS,lr,0.001
pour_probe_clips_attn,attn_flow_both_lag0.7_mse_noWS,minutes,120.0
pour_probe_clips_attn,attn_flow_both_lag0.7_mse_noWS,n_train_win,1636
pour_probe_clips_attn,attn_flow_both_lag0.7_mse_noWS,n_val_win,534
pour_probe_clips_attn,attn_flow_both_lag0.7_mse_noWS,num_frames,16
pour_probe_clips_attn,attn_flow_both_lag0.7_mse_noWS,stride_s,0.5
pour_probe_clips_attn,attn_flow_both_lag0.7_mse_noWS,target,flow
pour_probe_clips_attn,attn_flow_both_lag0.7_mse_noWS,val_trials,"13,21,24,8"
pour_probe_clips_attn,attn_flow_both_lag0.7_mse_noWS,warmstart_ek100,False
pour_probe_clips_attn,attn_flow_both_lag0.7_mse_noWS,weight_decay,0.01
pour_probe_clips_attn,attn_flow_both_lag0.7_mse_noWS,window_s,1.0
pour_probe_clips_attn,attn_flow_both_lag0.7_noWS,arch,AttentiveClassifier
pour_probe_clips_attn,attn_flow_both_lag0.7_noWS,batch,16
pour_probe_clips_attn,attn_flow_both_lag0.7_noWS,cam,both
pour_probe_clips_attn,attn_flow_both_lag0.7_noWS,depth,4
pour_probe_clips_attn,attn_flow_both_lag0.7_noWS,embed_dim,1024
pour_probe_clips_attn,attn_flow_both_lag0.7_noWS,fold,
pour_probe_clips_attn,attn_flow_both_lag0.7_noWS,heads,16
pour_probe_clips_attn,attn_flow_both_lag0.7_noWS,lag_s,0.7
pour_probe_clips_attn,attn_flow_both_lag0.7_noWS,loss,smoothl1
pour_probe_clips_attn,attn_flow_both_lag0.7_noWS,lr,0.001
pour_probe_clips_attn,attn_flow_both_lag0.7_noWS,minutes,80.0
pour_probe_clips_attn,attn_flow_both_lag0.7_noWS,n_train_win,1636
pour_probe_clips_attn,attn_flow_both_lag0.7_noWS,n_val_win,534
pour_probe_clips_attn,attn_flow_both_lag0.7_noWS,num_frames,16
pour_probe_clips_attn,attn_flow_both_lag0.7_noWS,stride_s,0.5
pour_probe_clips_attn,attn_flow_both_lag0.7_noWS,target,flow
pour_probe_clips_attn,attn_flow_both_lag0.7_noWS,val_trials,"13,21,24,8"
pour_probe_clips_attn,attn_flow_both_lag0.7_noWS,warmstart_ek100,False
pour_probe_clips_attn,attn_flow_both_lag0.7_noWS,weight_decay,0.05
pour_probe_clips_attn,attn_flow_both_lag0.7_noWS,window_s,1.0
pour_probe_clips_attn,attn_volume_both,arch,AttentiveClassifier
pour_probe_clips_attn,attn_volume_both,batch,16
pour_probe_clips_attn,attn_volume_both,cam,both
pour_probe_clips_attn,attn_volume_both,depth,4
pour_probe_clips_attn,attn_volume_both,embed_dim,1024
pour_probe_clips_attn,attn_volume_both,fold,
pour_probe_clips_attn,attn_volume_both,heads,16
pour_probe_clips_attn,attn_volume_both,lag_s,0.0
pour_probe_clips_attn,attn_volume_both,loss,smoothl1
pour_probe_clips_attn,attn_volume_both,lr,0.001
pour_probe_clips_attn,attn_volume_both,minutes,80.0
pour_probe_clips_attn,attn_volume_both,n_train_win,1636
pour_probe_clips_attn,attn_volume_both,n_val_win,534
pour_probe_clips_attn,attn_volume_both,num_frames,16
pour_probe_clips_attn,attn_volume_both,stride_s,0.5
pour_probe_clips_attn,attn_volume_both,target,volume
pour_probe_clips_attn,attn_volume_both,val_trials,"13,21,24,8"
pour_probe_clips_attn,attn_volume_both,warmstart_ek100,True
pour_probe_clips_attn,attn_volume_both,weight_decay,0.05
pour_probe_clips_attn,attn_volume_both,window_s,1.0
pour_probe_clips_attn,attn_volume_both_volA,arch,AttentiveClassifier
pour_probe_clips_attn,attn_volume_both_volA,batch,16
pour_probe_clips_attn,attn_volume_both_volA,cam,both
pour_probe_clips_attn,attn_volume_both_volA,dataset,clips
pour_probe_clips_attn,attn_volume_both_volA,depth,4
pour_probe_clips_attn,attn_volume_both_volA,embed_dim,1024
pour_probe_clips_attn,attn_volume_both_volA,fold,volA
pour_probe_clips_attn,attn_volume_both_volA,heads,16
pour_probe_clips_attn,attn_volume_both_volA,lag_s,0.0
pour_probe_clips_attn,attn_volume_both_volA,loss,smoothl1
pour_probe_clips_attn,attn_volume_both_volA,lr,0.001
pour_probe_clips_attn,attn_volume_both_volA,minutes,80.0
pour_probe_clips_attn,attn_volume_both_volA,n_train_win,1636
pour_probe_clips_attn,attn_volume_both_volA,n_val_win,534
pour_probe_clips_attn,attn_volume_both_volA,num_frames,16
pour_probe_clips_attn,attn_volume_both_volA,stride_s,0.5
pour_probe_clips_attn,attn_volume_both_volA,subset,
pour_probe_clips_attn,attn_volume_both_volA,target,volume
pour_probe_clips_attn,attn_volume_both_volA,val_trials,"13,21,24,8"
pour_probe_clips_attn,attn_volume_both_volA,warmstart_ek100,True
pour_probe_clips_attn,attn_volume_both_volA,weight_decay,0.05
pour_probe_clips_attn,attn_volume_both_volA,window_s,1.0
pour_probe_clips_attn,attn_volume_both_volB,arch,AttentiveClassifier
pour_probe_clips_attn,attn_volume_both_volB,batch,16
pour_probe_clips_attn,attn_volume_both_volB,cam,both
pour_probe_clips_attn,attn_volume_both_volB,dataset,clips
pour_probe_clips_attn,attn_volume_both_volB,depth,4
pour_probe_clips_attn,attn_volume_both_volB,embed_dim,1024
pour_probe_clips_attn,attn_volume_both_volB,fold,volB
pour_probe_clips_attn,attn_volume_both_volB,heads,16
pour_probe_clips_attn,attn_volume_both_volB,lag_s,0.0
pour_probe_clips_attn,attn_volume_both_volB,loss,smoothl1
pour_probe_clips_attn,attn_volume_both_volB,lr,0.001
pour_probe_clips_attn,attn_volume_both_volB,minutes,80.0
pour_probe_clips_attn,attn_volume_both_volB,n_train_win,1614
pour_probe_clips_attn,attn_volume_both_volB,n_val_win,556
pour_probe_clips_attn,attn_volume_both_volB,num_frames,16
pour_probe_clips_attn,attn_volume_both_volB,stride_s,0.5
pour_probe_clips_attn,attn_volume_both_volB,subset,
pour_probe_clips_attn,attn_volume_both_volB,target,volume
pour_probe_clips_attn,attn_volume_both_volB,val_trials,"11,12,7,9"
pour_probe_clips_attn,attn_volume_both_volB,warmstart_ek100,True
pour_probe_clips_attn,attn_volume_both_volB,weight_decay,0.05
pour_probe_clips_attn,attn_volume_both_volB,window_s,1.0
pour_probe_clips_attn,attn_volume_both_volC,arch,AttentiveClassifier
pour_probe_clips_attn,attn_volume_both_volC,batch,16
pour_probe_clips_attn,attn_volume_both_volC,cam,both
pour_probe_clips_attn,attn_volume_both_volC,dataset,clips
pour_probe_clips_attn,attn_volume_both_volC,depth,4
pour_probe_clips_attn,attn_volume_both_volC,embed_dim,1024
pour_probe_clips_attn,attn_volume_both_volC,fold,volC
pour_probe_clips_attn,attn_volume_both_volC,heads,16
pour_probe_clips_attn,attn_volume_both_volC,lag_s,0.0
pour_probe_clips_attn,attn_volume_both_volC,loss,smoothl1
pour_probe_clips_attn,attn_volume_both_volC,lr,0.001
pour_probe_clips_attn,attn_volume_both_volC,minutes,80.0
pour_probe_clips_attn,attn_volume_both_volC,n_train_win,1566
pour_probe_clips_attn,attn_volume_both_volC,n_val_win,604
pour_probe_clips_attn,attn_volume_both_volC,num_frames,16
pour_probe_clips_attn,attn_volume_both_volC,stride_s,0.5
pour_probe_clips_attn,attn_volume_both_volC,subset,
pour_probe_clips_attn,attn_volume_both_volC,target,volume
pour_probe_clips_attn,attn_volume_both_volC,val_trials,"15,16,25,26,5"
pour_probe_clips_attn,attn_volume_both_volC,warmstart_ek100,True
pour_probe_clips_attn,attn_volume_both_volC,weight_decay,0.05
pour_probe_clips_attn,attn_volume_both_volC,window_s,1.0
pour_probe_clips_attn,attn_volume_both_volD,arch,AttentiveClassifier
pour_probe_clips_attn,attn_volume_both_volD,batch,16
pour_probe_clips_attn,attn_volume_both_volD,cam,both
pour_probe_clips_attn,attn_volume_both_volD,dataset,clips
pour_probe_clips_attn,attn_volume_both_volD,depth,4
pour_probe_clips_attn,attn_volume_both_volD,embed_dim,1024
pour_probe_clips_attn,attn_volume_both_volD,fold,volD
pour_probe_clips_attn,attn_volume_both_volD,heads,16
pour_probe_clips_attn,attn_volume_both_volD,lag_s,0.0
pour_probe_clips_attn,attn_volume_both_volD,loss,smoothl1
pour_probe_clips_attn,attn_volume_both_volD,lr,0.001
pour_probe_clips_attn,attn_volume_both_volD,minutes,80.0
pour_probe_clips_attn,attn_volume_both_volD,n_train_win,1694
pour_probe_clips_attn,attn_volume_both_volD,n_val_win,476
pour_probe_clips_attn,attn_volume_both_volD,num_frames,16
pour_probe_clips_attn,attn_volume_both_volD,stride_s,0.5
pour_probe_clips_attn,attn_volume_both_volD,subset,
pour_probe_clips_attn,attn_volume_both_volD,target,volume
pour_probe_clips_attn,attn_volume_both_volD,val_trials,"17,18,20,22,27"
pour_probe_clips_attn,attn_volume_both_volD,warmstart_ek100,True
pour_probe_clips_attn,attn_volume_both_volD,weight_decay,0.05
pour_probe_clips_attn,attn_volume_both_volD,window_s,1.0
pour_probe_sow_attn,attn_flow_sowS2_v,arch,AttentiveClassifier
pour_probe_sow_attn,attn_flow_sowS2_v,batch,16
pour_probe_sow_attn,attn_flow_sowS2_v,cam,CAM2
pour_probe_sow_attn,attn_flow_sowS2_v,dataset,sow
pour_probe_sow_attn,attn_flow_sowS2_v,depth,4
pour_probe_sow_attn,attn_flow_sowS2_v,embed_dim,1024
pour_probe_sow_attn,attn_flow_sowS2_v,fold,
pour_probe_sow_attn,attn_flow_sowS2_v,heads,16
pour_probe_sow_attn,attn_flow_sowS2_v,lag_s,0.0
pour_probe_sow_attn,attn_flow_sowS2_v,loss,smoothl1
pour_probe_sow_attn,attn_flow_sowS2_v,lr,0.0003
pour_probe_sow_attn,attn_flow_sowS2_v,minutes,45.0
pour_probe_sow_attn,attn_flow_sowS2_v,n_train_win,4757
pour_probe_sow_attn,attn_flow_sowS2_v,n_val_win,1273
pour_probe_sow_attn,attn_flow_sowS2_v,num_frames,16
pour_probe_sow_attn,attn_flow_sowS2_v,stride_s,0.5
pour_probe_sow_attn,attn_flow_sowS2_v,subset,S2
pour_probe_sow_attn,attn_flow_sowS2_v,target,flow
pour_probe_sow_attn,attn_flow_sowS2_v,val_trials,"container_3,container_7"
pour_probe_sow_attn,attn_flow_sowS2_v,warmstart_ek100,True
pour_probe_sow_attn,attn_flow_sowS2_v,weight_decay,0.1
pour_probe_sow_attn,attn_flow_sowS2_v,window_s,1.0
pour_probe_sow_attn,attn_volume_sowS1_v,arch,AttentiveClassifier
pour_probe_sow_attn,attn_volume_sowS1_v,arch,AttentiveClassifier
pour_probe_sow_attn,attn_volume_sowS1_v,arch,AttentiveClassifier
pour_probe_sow_attn,attn_volume_sowS1_v,arch,AttentiveClassifier
pour_probe_sow_attn,attn_volume_sowS1_v,arch,AttentiveClassifier
pour_probe_sow_attn,attn_volume_sowS1_v,batch,16
pour_probe_sow_attn,attn_volume_sowS1_v,batch,16
pour_probe_sow_attn,attn_volume_sowS1_v,batch,16
pour_probe_sow_attn,attn_volume_sowS1_v,batch,16
pour_probe_sow_attn,attn_volume_sowS1_v,batch,16
pour_probe_sow_attn,attn_volume_sowS1_v,cam,CAM2
pour_probe_sow_attn,attn_volume_sowS1_v,cam,CAM2
pour_probe_sow_attn,attn_volume_sowS1_v,cam,CAM2
pour_probe_sow_attn,attn_volume_sowS1_v,cam,CAM2
pour_probe_sow_attn,attn_volume_sowS1_v,cam,CAM2
pour_probe_sow_attn,attn_volume_sowS1_v,dataset,sow
pour_probe_sow_attn,attn_volume_sowS1_v,dataset,sow
pour_probe_sow_attn,attn_volume_sowS1_v,dataset,sow
pour_probe_sow_attn,attn_volume_sowS1_v,dataset,sow
pour_probe_sow_attn,attn_volume_sowS1_v,dataset,sow
pour_probe_sow_attn,attn_volume_sowS1_v,depth,4
pour_probe_sow_attn,attn_volume_sowS1_v,depth,4
pour_probe_sow_attn,attn_volume_sowS1_v,depth,4
pour_probe_sow_attn,attn_volume_sowS1_v,depth,4
pour_probe_sow_attn,attn_volume_sowS1_v,depth,4
pour_probe_sow_attn,attn_volume_sowS1_v,embed_dim,1024
pour_probe_sow_attn,attn_volume_sowS1_v,embed_dim,1024
pour_probe_sow_attn,attn_volume_sowS1_v,embed_dim,1024
pour_probe_sow_attn,attn_volume_sowS1_v,embed_dim,1024
pour_probe_sow_attn,attn_volume_sowS1_v,embed_dim,1024
pour_probe_sow_attn,attn_volume_sowS1_v,fold,
pour_probe_sow_attn,attn_volume_sowS1_v,fold,
pour_probe_sow_attn,attn_volume_sowS1_v,fold,
pour_probe_sow_attn,attn_volume_sowS1_v,fold,
pour_probe_sow_attn,attn_volume_sowS1_v,fold,
pour_probe_sow_attn,attn_volume_sowS1_v,heads,16
pour_probe_sow_attn,attn_volume_sowS1_v,heads,16
pour_probe_sow_attn,attn_volume_sowS1_v,heads,16
pour_probe_sow_attn,attn_volume_sowS1_v,heads,16
pour_probe_sow_attn,attn_volume_sowS1_v,heads,16
pour_probe_sow_attn,attn_volume_sowS1_v,lag_s,0.0
pour_probe_sow_attn,attn_volume_sowS1_v,lag_s,0.0
pour_probe_sow_attn,attn_volume_sowS1_v,lag_s,0.0
pour_probe_sow_attn,attn_volume_sowS1_v,lag_s,0.0
pour_probe_sow_attn,attn_volume_sowS1_v,lag_s,0.0
pour_probe_sow_attn,attn_volume_sowS1_v,loss,smoothl1
pour_probe_sow_attn,attn_volume_sowS1_v,loss,smoothl1
pour_probe_sow_attn,attn_volume_sowS1_v,loss,smoothl1
pour_probe_sow_attn,attn_volume_sowS1_v,loss,smoothl1
pour_probe_sow_attn,attn_volume_sowS1_v,loss,smoothl1
pour_probe_sow_attn,attn_volume_sowS1_v,lr,0.0003
pour_probe_sow_attn,attn_volume_sowS1_v,lr,0.001
pour_probe_sow_attn,attn_volume_sowS1_v,lr,0.001
pour_probe_sow_attn,attn_volume_sowS1_v,lr,0.0003
pour_probe_sow_attn,attn_volume_sowS1_v,lr,0.001
pour_probe_sow_attn,attn_volume_sowS1_v,minutes,45.0
pour_probe_sow_attn,attn_volume_sowS1_v,minutes,12.0
pour_probe_sow_attn,attn_volume_sowS1_v,minutes,2.0
pour_probe_sow_attn,attn_volume_sowS1_v,minutes,45.0
pour_probe_sow_attn,attn_volume_sowS1_v,minutes,90.0
pour_probe_sow_attn,attn_volume_sowS1_v,n_train_win,2912
pour_probe_sow_attn,attn_volume_sowS1_v,n_train_win,2912
pour_probe_sow_attn,attn_volume_sowS1_v,n_train_win,3387
pour_probe_sow_attn,attn_volume_sowS1_v,n_train_win,2912
pour_probe_sow_attn,attn_volume_sowS1_v,n_train_win,3387
pour_probe_sow_attn,attn_volume_sowS1_v,n_val_win,1273
pour_probe_sow_attn,attn_volume_sowS1_v,n_val_win,1273
pour_probe_sow_attn,attn_volume_sowS1_v,n_val_win,798
pour_probe_sow_attn,attn_volume_sowS1_v,n_val_win,1273
pour_probe_sow_attn,attn_volume_sowS1_v,n_val_win,798
pour_probe_sow_attn,attn_volume_sowS1_v,num_frames,16
pour_probe_sow_attn,attn_volume_sowS1_v,num_frames,16
pour_probe_sow_attn,attn_volume_sowS1_v,num_frames,16
pour_probe_sow_attn,attn_volume_sowS1_v,num_frames,16
pour_probe_sow_attn,attn_volume_sowS1_v,num_frames,16
pour_probe_sow_attn,attn_volume_sowS1_v,stride_s,0.5
pour_probe_sow_attn,attn_volume_sowS1_v,stride_s,0.5
pour_probe_sow_attn,attn_volume_sowS1_v,stride_s,0.5
pour_probe_sow_attn,attn_volume_sowS1_v,stride_s,0.5
pour_probe_sow_attn,attn_volume_sowS1_v,stride_s,0.5
pour_probe_sow_attn,attn_volume_sowS1_v,subset,S1
pour_probe_sow_attn,attn_volume_sowS1_v,subset,S1
pour_probe_sow_attn,attn_volume_sowS1_v,subset,S1
pour_probe_sow_attn,attn_volume_sowS1_v,subset,S1
pour_probe_sow_attn,attn_volume_sowS1_v,subset,S1
pour_probe_sow_attn,attn_volume_sowS1_v,target,volume
pour_probe_sow_attn,attn_volume_sowS1_v,target,volume
pour_probe_sow_attn,attn_volume_sowS1_v,target,volume
pour_probe_sow_attn,attn_volume_sowS1_v,target,volume
pour_probe_sow_attn,attn_volume_sowS1_v,target,volume
pour_probe_sow_attn,attn_volume_sowS1_v,val_trials,"container_3,container_7"
pour_probe_sow_attn,attn_volume_sowS1_v,val_trials,"container_3,container_7"
pour_probe_sow_attn,attn_volume_sowS1_v,val_trials,"container_23,container_3,container_35"
pour_probe_sow_attn,attn_volume_sowS1_v,val_trials,"container_3,container_7"
pour_probe_sow_attn,attn_volume_sowS1_v,val_trials,"container_23,container_3,container_35"
pour_probe_sow_attn,attn_volume_sowS1_v,warmstart_ek100,True
pour_probe_sow_attn,attn_volume_sowS1_v,warmstart_ek100,True
pour_probe_sow_attn,attn_volume_sowS1_v,warmstart_ek100,True
pour_probe_sow_attn,attn_volume_sowS1_v,warmstart_ek100,True
pour_probe_sow_attn,attn_volume_sowS1_v,warmstart_ek100,True
pour_probe_sow_attn,attn_volume_sowS1_v,weight_decay,0.1
pour_probe_sow_attn,attn_volume_sowS1_v,weight_decay,0.05
pour_probe_sow_attn,attn_volume_sowS1_v,weight_decay,0.05
pour_probe_sow_attn,attn_volume_sowS1_v,weight_decay,0.1
pour_probe_sow_attn,attn_volume_sowS1_v,weight_decay,0.05
pour_probe_sow_attn,attn_volume_sowS1_v,window_s,1.0
pour_probe_sow_attn,attn_volume_sowS1_v,window_s,1.0
pour_probe_sow_attn,attn_volume_sowS1_v,window_s,1.0
pour_probe_sow_attn,attn_volume_sowS1_v,window_s,1.0
pour_probe_sow_attn,attn_volume_sowS1_v,window_s,1.0
pour_probe_sow_attn,attn_volume_sowS2_v,arch,AttentiveClassifier
pour_probe_sow_attn,attn_volume_sowS2_v,batch,16
pour_probe_sow_attn,attn_volume_sowS2_v,cam,CAM2
pour_probe_sow_attn,attn_volume_sowS2_v,dataset,sow
pour_probe_sow_attn,attn_volume_sowS2_v,depth,4
pour_probe_sow_attn,attn_volume_sowS2_v,embed_dim,1024
pour_probe_sow_attn,attn_volume_sowS2_v,fold,
pour_probe_sow_attn,attn_volume_sowS2_v,heads,16
pour_probe_sow_attn,attn_volume_sowS2_v,lag_s,0.0
pour_probe_sow_attn,attn_volume_sowS2_v,loss,smoothl1
pour_probe_sow_attn,attn_volume_sowS2_v,lr,0.0003
pour_probe_sow_attn,attn_volume_sowS2_v,minutes,45.0
pour_probe_sow_attn,attn_volume_sowS2_v,n_train_win,4757
pour_probe_sow_attn,attn_volume_sowS2_v,n_val_win,1273
pour_probe_sow_attn,attn_volume_sowS2_v,num_frames,16
pour_probe_sow_attn,attn_volume_sowS2_v,stride_s,0.5
pour_probe_sow_attn,attn_volume_sowS2_v,subset,S2
pour_probe_sow_attn,attn_volume_sowS2_v,target,volume
pour_probe_sow_attn,attn_volume_sowS2_v,val_trials,"container_3,container_7"
pour_probe_sow_attn,attn_volume_sowS2_v,warmstart_ek100,True
pour_probe_sow_attn,attn_volume_sowS2_v,weight_decay,0.1
pour_probe_sow_attn,attn_volume_sowS2_v,window_s,1.0
pour_probe_sow_attn,attn_volume_sowS2o_v,arch,AttentiveClassifier
pour_probe_sow_attn,attn_volume_sowS2o_v,batch,16
pour_probe_sow_attn,attn_volume_sowS2o_v,cam,CAM2
pour_probe_sow_attn,attn_volume_sowS2o_v,dataset,sow
pour_probe_sow_attn,attn_volume_sowS2o_v,depth,4
pour_probe_sow_attn,attn_volume_sowS2o_v,embed_dim,1024
pour_probe_sow_attn,attn_volume_sowS2o_v,fold,
pour_probe_sow_attn,attn_volume_sowS2o_v,heads,16
pour_probe_sow_attn,attn_volume_sowS2o_v,lag_s,0.0
pour_probe_sow_attn,attn_volume_sowS2o_v,loss,smoothl1
pour_probe_sow_attn,attn_volume_sowS2o_v,lr,0.0003
pour_probe_sow_attn,attn_volume_sowS2o_v,minutes,40.0
pour_probe_sow_attn,attn_volume_sowS2o_v,n_train_win,1036
pour_probe_sow_attn,attn_volume_sowS2o_v,n_val_win,539
pour_probe_sow_attn,attn_volume_sowS2o_v,num_frames,16
pour_probe_sow_attn,attn_volume_sowS2o_v,stride_s,0.5
pour_probe_sow_attn,attn_volume_sowS2o_v,subset,S2o
pour_probe_sow_attn,attn_volume_sowS2o_v,target,volume
pour_probe_sow_attn,attn_volume_sowS2o_v,val_trials,container_20
pour_probe_sow_attn,attn_volume_sowS2o_v,warmstart_ek100,True
pour_probe_sow_attn,attn_volume_sowS2o_v,weight_decay,0.1
pour_probe_sow_attn,attn_volume_sowS2o_v,window_s,1.0
pour_probe_sow_attn,attn_volume_sowS3_v,arch,AttentiveClassifier
pour_probe_sow_attn,attn_volume_sowS3_v,arch,AttentiveClassifier
pour_probe_sow_attn,attn_volume_sowS3_v,batch,16
pour_probe_sow_attn,attn_volume_sowS3_v,batch,16
pour_probe_sow_attn,attn_volume_sowS3_v,cam,CAM2
pour_probe_sow_attn,attn_volume_sowS3_v,cam,CAM2
pour_probe_sow_attn,attn_volume_sowS3_v,dataset,sow
pour_probe_sow_attn,attn_volume_sowS3_v,dataset,sow
pour_probe_sow_attn,attn_volume_sowS3_v,depth,4
pour_probe_sow_attn,attn_volume_sowS3_v,depth,4
pour_probe_sow_attn,attn_volume_sowS3_v,embed_dim,1024
pour_probe_sow_attn,attn_volume_sowS3_v,embed_dim,1024
pour_probe_sow_attn,attn_volume_sowS3_v,fold,
pour_probe_sow_attn,attn_volume_sowS3_v,fold,
pour_probe_sow_attn,attn_volume_sowS3_v,heads,16
pour_probe_sow_attn,attn_volume_sowS3_v,heads,16
pour_probe_sow_attn,attn_volume_sowS3_v,lag_s,0.0
pour_probe_sow_attn,attn_volume_sowS3_v,lag_s,0.0
pour_probe_sow_attn,attn_volume_sowS3_v,loss,smoothl1
pour_probe_sow_attn,attn_volume_sowS3_v,loss,smoothl1
pour_probe_sow_attn,attn_volume_sowS3_v,lr,0.0003
pour_probe_sow_attn,attn_volume_sowS3_v,lr,0.0003
pour_probe_sow_attn,attn_volume_sowS3_v,minutes,60.0
pour_probe_sow_attn,attn_volume_sowS3_v,minutes,60.0
pour_probe_sow_attn,attn_volume_sowS3_v,n_train_win,10629
pour_probe_sow_attn,attn_volume_sowS3_v,n_train_win,10629
pour_probe_sow_attn,attn_volume_sowS3_v,n_val_win,4382
pour_probe_sow_attn,attn_volume_sowS3_v,n_val_win,4382
pour_probe_sow_attn,attn_volume_sowS3_v,num_frames,16
pour_probe_sow_attn,attn_volume_sowS3_v,num_frames,16
pour_probe_sow_attn,attn_volume_sowS3_v,stride_s,0.5
pour_probe_sow_attn,attn_volume_sowS3_v,stride_s,0.5
pour_probe_sow_attn,attn_volume_sowS3_v,subset,S3
pour_probe_sow_attn,attn_volume_sowS3_v,subset,S3
pour_probe_sow_attn,attn_volume_sowS3_v,target,volume
pour_probe_sow_attn,attn_volume_sowS3_v,target,volume
pour_probe_sow_attn,attn_volume_sowS3_v,val_trials,"container_30,container_37,container_38,container_42,container_7"
pour_probe_sow_attn,attn_volume_sowS3_v,val_trials,"container_30,container_37,container_38,container_42,container_7"
pour_probe_sow_attn,attn_volume_sowS3_v,warmstart_ek100,True
pour_probe_sow_attn,attn_volume_sowS3_v,warmstart_ek100,True
pour_probe_sow_attn,attn_volume_sowS3_v,weight_decay,0.1
pour_probe_sow_attn,attn_volume_sowS3_v,weight_decay,0.1
pour_probe_sow_attn,attn_volume_sowS3_v,window_s,1.0
pour_probe_sow_attn,attn_volume_sowS3_v,window_s,1.0
